Name;Type;Stereotype;Status;Notes;TagValue_Toelichting;TagValue_Type Vormgeving;TagValue_Type Zingeving;TagValue_Perspectief;TagValue_Niveau;TagValue_Enterprise;TagValue_geaid
Beleidsuitspraken;Package;;Proposed;;;;;;;;
Principes;Package;;Proposed;;;;;;;;
Relevante relaties;Package;;Proposed;;;;;;;;
Doelstellingen;Package;;Proposed;;;;;;;;
Principes;Boundary;;Proposed;;;;;;;;
Doelstellingen;Boundary;;Proposed;;;;;;;;
Beleidsuitspraak;Boundary;;Proposed;;;;;;;;
En we brengen de dienstverlening steeds dichterbij.;Class;RichtinggevendeUitspraak;Proposed;En we brengen de dienstverlening steeds dichterbij. Online kunnen bewoners veel zelf regelen op momenten dat het hen uitkomt. En persoonlijk met beheerders en vakmannen in buurten waar we veel bezit hebben.;Vormgeving;Beleidsuitspraak;;Klant;Vormgeving;De Key Amsterdam;
Verkoop van vastgoed is een manier om financi�le ruimte voor beweging te cre�ren.;Class;RichtinggevendeUitspraak;Proposed;Verkoop van vastgoed is een manier om financi�le ruimte voor beweging te cre�ren.;Vormgeving;Beleidsuitspraak;;Fin.;Vormgeving;De Key Amsterdam;
De opbrengst van de verkoop heeft een bestemming.;Class;RichtinggevendeUitspraak;Proposed;De opbrengst van de verkoop is bestemd voor aflossing van leningen en voor investeringen in woonconcepten voor toetreders op de woningmarkt binnen de ring A10 of net daarbuiten.;Vormgeving;Beleidsuitspraak;;Fin.;Vormgeving;De Key Amsterdam;
Vergroten van het aanbod van kleine woningen.;Class;RichtinggevendeUitspraak;Proposed;Vergroten van het aanbod van kleine woningen voor toetreders op de woningmarkt door labelen van bestaand bezit en door nieuwbouw.;Vormgeving;Beleidsuitspraak;;Vastg.;Vormgeving;De Key Amsterdam;
We leveren dus geen diensten meer aan derden.;Class;RichtinggevendeUitspraak;Proposed;We leveren dus geen diensten meer aan derden, zoals VvE�s.;Vormgeving;Beleidsuitspraak;;Dienst.;Vormgeving;De Key Amsterdam;
Toeleveranciers en coproducenten nemen ons een steeds groter deel van het werk uit handen.;Class;RichtinggevendeUitspraak;Proposed;Toeleveranciers en coproducenten nemen ons een steeds groter deel van het werk uit handen.;Vormgeving;Beleidsuitspraak;;Lev.;Vormgeving;De Key Amsterdam;
Hierbij (toeleveranciers en coproducenten) kiezen we voor samenwerking met partners.;Class;RichtinggevendeUitspraak;Proposed;Hierbij (toeleveranciers en coproducenten) kiezen we voor samenwerking met partners die vanuit hun maatschappelijke verantwoordelijkheid een bijdrage leveren aan de dynamiek en de duurzaamheid in de stad.;Vormgeving;Beleidsuitspraak;;Lev.;Vormgeving;De Key Amsterdam;
Ook de trend dat de klant een grotere rol speelt in onze primaire processen.;Class;RichtinggevendeUitspraak;Proposed;Ook de trend dat de klant een grotere rol speelt in onze primaire processen, bijvoorbeeld via de website, heeft gevolgen voor de organisatie.;Vormgeving;Beleidsuitspraak;;Org.best.;Vormgeving;De Key Amsterdam;
Het fundament voor onze manier van werken ligt in een basishouding.;Class;RichtinggevendeUitspraak;Proposed;Het fundament voor onze manier van werken ligt in een basishouding waarbij maatschappelijke dienstbaarheid, klantgerichtheid (zowel voor interne als externe klanten), zelfstandigheid en vrijheid van handelen vanzelfsprekend zijn.;Vormgeving;Beleidsuitspraak;;Medew.;Vormgeving;De Key Amsterdam;
Zij (medewerkers) zijn een kei in hun vak.;Class;RichtinggevendeUitspraak;Proposed;Zij (medewerkers) zijn een kei in hun vak en vanuit die professionaliteit zoeken zij verbinding naar het overkoepelende doel.;Vormgeving;Beleidsuitspraak;;Medew.;Vormgeving;De Key Amsterdam;
Dit (basishouding medewerkers) stelt ook eisen aan het management.;Class;RichtinggevendeUitspraak;Proposed;Dit (basishouding medewerkers) stelt ook eisen aan het management: zij zorgen ervoor dat de gemeenschappelijke waarden continu scherp op het netvlies blijven en dat iedereen deze binnen zijn of haar eigen functie blijft toepassen.;Vormgeving;Beleidsuitspraak;;Org.best.;Vormgeving;De Key Amsterdam;
De prestaties komen in samenspraak met primair tot stand.;Class;RichtinggevendeUitspraak;Proposed;De prestaties komen in samenspraak met primair (vertegenwoordigers van) haar doelgroep, en secundair de gemeenten tot stand. Daarbij heeft De Key tevens oog voor andere belanghebbende partijen.;Vormgeving;Beleidsuitspraak;;Stakeh.;Vormgeving;De Key Amsterdam;
In het directiereglement is vastgesteld dat besluitvorming plaatsvindt in het Directieteam (DT).;Class;RichtinggevendeUitspraak;Proposed;In het directiereglement is vastgesteld dat besluitvorming plaatsvindt in het Directieteam (DT). Dtbesluiten worden �impliciet geacht te zijn goedgekeurd door de bestuurder�, tenzij de bestuurder daarover expliciet een ander bestuursbesluit neemt.;Vormgeving;Beleidsuitspraak;;Org.best.;Vormgeving;De Key Amsterdam;
De Key stuurt hierop door gewenst gedrag te bevorderen en de gelegenheid voor ongewenst gedrag te beperken.;Class;RichtinggevendeUitspraak;Proposed;De Key stuurt hierop (integriteit) door gewenst gedrag te bevorderen (cultuur, waarden, vertrouwen e.d.) en de gelegenheid voor ongewenst gedrag te beperken (inrichting processen, toegankelijkheid data e.d.).;Vormgeving;Beleidsuitspraak;;Medew.;Vormgeving;De Key Amsterdam;
De beleidscyclus bij De Key is georganiseerd op basis van de beleidsachtbaan.;Class;RichtinggevendeUitspraak;Proposed;De beleidscyclus bij De Key is georganiseerd op basis van de beleidsachtbaan;Vormgeving;Beleidsuitspraak;;Org.best.;Vormgeving;De Key Amsterdam;
De RvT gebruikt dit (toetsingsvelden) kader als een soort checklist bij het komen tot een oordeel over de bestuurder.;Class;RichtinggevendeUitspraak;Proposed;De RvT gebruikt dit (toetsingsvelden) kader als een soort checklist bij het komen tot een oordeel over de bestuurder. (Zie checklist);Vormgeving;Beleidsuitspraak;;Org.best.;Vormgeving;De Key Amsterdam;
De Key bouwt het vreemde vermogen af en beschikt altijd over voldoende liquide middelen.;Class;RichtinggevendeUitspraak;Proposed;De Key bouwt het vreemde vermogen af en beschikt altijd over voldoende liquide middelen.;Vormgeving;Beleidsuitspraak;;Fin.;Vormgeving;De Key Amsterdam;
De Key presteert overeenkomstig de gemaakte samenwerkings- en prestatieafspraken met de gemeenten Amsterdam en Diemen.;Class;RichtinggevendeUitspraak;Proposed;"De Key presteert overeenkomstig de gemaakte samenwerkings- en prestatieafspraken met de gemeenten Amsterdam en Diemen;";Vormgeving;Beleidsuitspraak;;Stakeh.;Vormgeving;De Key Amsterdam;
De ervaringen opgedaan in 2015 met de nieuwe online dienstverlening worden in 2016 gebruikt om de online dienstverlening uit te breiden.;Class;RichtinggevendeUitspraak;Proposed;De ervaringen opgedaan in 2015 met de nieuwe online dienstverlening worden in 2016 gebruikt om de online dienstverlening uit te breiden.;Vormgeving;Beleidsuitspraak;;Dienst.;Vormgeving;De Key Amsterdam;
Van LBO/MBO/HBO naar MBO/HBO/Universiteit.;Class;RichtinggevendeUitspraak;Proposed;Van LBO/MBO/HBO naar MBO/HBO/Universiteit;Vormgeving;Beleidsuitspraak;;Medew.;Vormgeving;De Key Amsterdam;
Ons personeelsbestand past qua leeftijd steeds meer bij de doelgroep die De Key huisvest.;Class;RichtinggevendeUitspraak;Proposed;Ons personeelsbestand past qua leeftijd steeds meer bij de doelgroep die De Key huisvest. Dat betekent dat we steeds meer jonge mensen gaan aanstellen.;Vormgeving;Beleidsuitspraak;;Medew.;Vormgeving;De Key Amsterdam;
We creeeren maximale ruimte voor interne doorstroming.;Class;RichtinggevendeUitspraak;Proposed;We creeeren maximale ruimte voor interne doorstroming;Vormgeving;Beleidsuitspraak;;Medew.;Vormgeving;De Key Amsterdam;
Er is (in- en extern) ruimte voor het verkennen van ander werk.;Class;RichtinggevendeUitspraak;Proposed;Er is (in- en extern) ruimte voor het verkennen van ander werk (stage, roulatie, tijdelijke functiewisseling e.d.);Vormgeving;Beleidsuitspraak;;Medew.;Vormgeving;De Key Amsterdam;
X% van het personeelsbudghet is beschikbaar voor werkstages voor toetreders op de arbeidsmarkt.;Class;RichtinggevendeUitspraak;Proposed;X% van het personeelsbudghet is beschikbaar voor werkstages voor toetreders op de arbeidsmarkt;Vormgeving;Beleidsuitspraak;;Medew.;Vormgeving;De Key Amsterdam;
De labels sociale huur en vrije sector huur geven aan in welk segment de woning wordt verhuurd als hij leegkomt.;Class;RichtinggevendeUitspraak;Proposed;De labels sociale huur en vrije sector huur geven aan in welk segment de woning wordt verhuurd als hij leegkomt.;Vormgeving;Beleidsuitspraak;;Vastg.;Vormgeving;De Key Amsterdam;
Het label verkoop geeft aan dat de woning verkocht wordt bij leegkomst.;Class;RichtinggevendeUitspraak;Proposed;Het label verkoop geeft aan dat de woning verkocht wordt bij leegkomst.;Vormgeving;Beleidsuitspraak;;Vastg.;Vormgeving;De Key Amsterdam;
Daarnaast is er een label sloop. Dit betekent dat de planning is dat de woning in de komende 10 jaar gesloopt wordt.;Class;RichtinggevendeUitspraak;Proposed;Daarnaast is er een label sloop. Dit betekent dat de planning is dat de woning in de komende 10 jaar gesloopt wordt.;Vormgeving;Beleidsuitspraak;;Vastg.;Vormgeving;De Key Amsterdam;
Deze portefeuillestrategie vormt diverse aspecten.;Class;RichtinggevendeUitspraak;Proposed;"Deze portefeuillestrategie �
� vormt het strategische kader voor vastgoedsturing;
� beschrijft de wensportefeuille;
� beschrijft de veranderopgave om tot die wensportefeuille te komen voor de periode 2016 - 2026;
� sluit aan op het ontwerpvoorstel voor de scheiding van DAEB en niet DAEB en de Meerjarenbegroting 2017 - 2026.";Vormgeving;Beleidsuitspraak;;Org.best.;Vormgeving;De Key Amsterdam;
Wat doen we voor onze huidige huurders?;Class;RichtinggevendeUitspraak;Proposed;"Wat doen we voor onze huidige huurders?
? We zorgen voor betaalbare huren.
? We houden de technische kwaliteit van de woningen in stand.
? We verbeteren de energetische kwaliteit.";Vormgeving;Beleidsuitspraak;;Klant;Vormgeving;De Key Amsterdam;
Ons bezit buiten dit gebied (binnen en net buiten de ring)  stoten we in de loop van de tijd af.;Class;RichtinggevendeUitspraak;Proposed;Ons bezit buiten dit gebied (binnen en net buiten de ring)  stoten we in de loop van de tijd af. Dit compenseren we met nieuwbouw binnen het werkgebied.;Vormgeving;Beleidsuitspraak;;Vastg.;Vormgeving;De Key Amsterdam;
We brengen de huur van de zittende huurders en nieuwe huurders meer in evenwicht.;Class;RichtinggevendeUitspraak;Proposed;We brengen de huur van de zittende huurders en nieuwe huurders meer in evenwicht.;Vormgeving;Beleidsuitspraak;;Klant;Vormgeving;De Key Amsterdam;
Studenten vallen onder de primaire doelgroep. Hierbij past een huurprijs onder de lage aftoppingsgrens.;Class;RichtinggevendeUitspraak;Proposed;Studenten vallen onder de primaire doelgroep. Hierbij past een huurprijs onder de lage aftoppingsgrens;Vormgeving;Beleidsuitspraak;;Klant;Vormgeving;De Key Amsterdam;
We stellen woningen telkens weer opnieuw beschikbaar voor nieuwe woonstarters. Zo dragen we bij aan de doorstroming op de woningmarkt.;Class;RichtinggevendeUitspraak;Proposed;We stellen woningen telkens weer opnieuw beschikbaar voor nieuwe woonstarters. Zo dragen we bij aan de doorstroming op de woningmarkt.;Vormgeving;Beleidsuitspraak;;Klant;Vormgeving;De Key Amsterdam;
We zorgen voor woningen zelfstandig wonen �n hebben een voorraad woningen waarin meerdere woonstarters met elkaar een woning delen.;Class;RichtinggevendeUitspraak;Proposed;We zorgen voor woningen zelfstandig wonen �n hebben een voorraad woningen waarin meerdere woonstarters met elkaar een woning delen;Vormgeving;Beleidsuitspraak;;Vastg.;Vormgeving;De Key Amsterdam;
We verbeteren de veiligheid. Het gaat dan vooral om brandveiligheid en het verwijderen van asbest.;Class;RichtinggevendeUitspraak;Proposed;We verbeteren de veiligheid. Het gaat dan vooral om brandveiligheid en het verwijderen van asbest;Vormgeving;Beleidsuitspraak;;Vastg.;Vormgeving;De Key Amsterdam;
We verbeteren de energetische kwaliteit.;Class;RichtinggevendeUitspraak;Proposed;We verbeteren de energetische kwaliteit.;Vormgeving;Beleidsuitspraak;;Vastg.;Vormgeving;De Key Amsterdam;
Wij richten ons op de woonstarter die kiest voor en een kleine, functionele woonplek.;Class;RichtinggevendeUitspraak;Proposed;Wij richten ons op de woonstarter die kiest voor en een kleine, functionele woonplek.;Vormgeving;Beleidsuitspraak;;Klant;Vormgeving;De Key Amsterdam;
We doen geen hoog niveaurenovaties met plattegrondwijziging, zoals we dat in het verleden hebben gedaan.;Class;RichtinggevendeUitspraak;Proposed;We doen geen hoog niveaurenovaties met plattegrondwijziging, zoals we dat in het verleden hebben gedaan.;Vormgeving;Beleidsuitspraak;;Vastg.;Vormgeving;De Key Amsterdam;
We ontwikkelen koopvormen voor mensen die een woning willen kopen maar dat nog niet zelfstandig kunnen.;Class;RichtinggevendeUitspraak;Proposed;"We ontwikkelen koopvormen voor mensen die een woning willen kopen maar dat nog niet zelfstandig kunnen. Bij deze koopvorm wordt de bewoner steeds meer eigenaar van de woning.
We onderzoeken de mogelijkheden om te participeren in initiatieven van bewonerscollectieven of deelname aan (maatschappelijk relevante) vastgoedfondsen.";Vormgeving;Beleidsuitspraak;;Klant;Vormgeving;De Key Amsterdam;
Woningen die minder geschikt zijn voor woonstarters stoten we af.;Class;RichtinggevendeUitspraak;Proposed;Woningen die minder geschikt zijn voor woonstarters stoten we af.;Vormgeving;Beleidsuitspraak;;Vastg.;Vormgeving;De Key Amsterdam;
In het betaalbare segment, tot de lage aftoppingsgrens, voegen we minimaal 3.000 (2026) jongerenwoningen toe.;Class;RichtinggevendeUitspraak;Proposed;In het betaalbare segment, tot de lage aftoppingsgrens, voegen we minimaal 3.000 (2026) jongerenwoningen toe. Dit doen we door nieuwbouw en door het labelen van de bestaande voorraad. (31-12-2015 250);Vormgeving;Doelstelling;;Vastg.;Vormgeving;De Key Amsterdam;
We gaan verschillende vormen van vernieuwende producten toepassen.;Class;RichtinggevendeUitspraak;Proposed;"We gaan verschillende vormen van vernieuwende producten toepassen. Bijvoorbeeld:
? sociale koopconstructies
? Ik Bouw Betaalbaar
? erfpachtconstructie
? faciliteren woonco�peraties
? deelnemen in (maatschappelijk relevante) vastgoedfondsen";Vormgeving;Beleidsuitspraak;;Dienst.;Vormgeving;De Key Amsterdam;
We sturen op een solide exploitatieresultaat met blijvende aandacht voor optimale opbrengsten en kostenbeheersing.;Class;RichtinggevendeUitspraak;Proposed;We sturen op een solide exploitatieresultaat met blijvende aandacht voor optimale opbrengsten en kostenbeheersing zodat we een duurzame basis leggen voor direct rendement op eigen vermogen dat tenminste inflatievolgend is.;Vormgeving;Beleidsuitspraak;;Fin.;Vormgeving;De Key Amsterdam;
We minimaliseren de fiscale kasstromen door het benutten van verschillende fiscale mogelijkheden.;Class;RichtinggevendeUitspraak;Proposed;We minimaliseren de fiscale kasstromen door het benutten van verschillende fiscale mogelijkheden. Het beleid hieromtrent leggen we vast in een fiscaal statuut.;Vormgeving;Beleidsuitspraak;;Fin.;Vormgeving;De Key Amsterdam;
We blijven de komende jaren sturen op deze norm (3% REV).;Class;RichtinggevendeUitspraak;Proposed;"We blijven de komende jaren sturen op deze norm (3% REV) door: jaarlijks te beoordelen welke ruimte in de huursombenadering wordt ingevuld bij de reguliere huurverhoging; het minimaliseren van onrendabels op marktwaarde in verhuurde staat bij aankoop, nieuwbouw en verbeteringen; het verminderen van het hefboomeffect door het versneld aflossen van externe leningen;";Vormgeving;Beleidsuitspraak;;Fin.;Vormgeving;De Key Amsterdam;
Om financiele continuiteit te garanderen en de waarde van het vermogen stabiel te houden, is het nodig om te voldoen aan de financiele eisen (ICR, LtV, etc) van onze externe toezichthouders, voldoende rendement te halen op het eigen vermogen.;Class;RichtinggevendeUitspraak;Proposed;Om financiele continuiteit te garanderen en de waarde van het vermogen stabiel te houden, is het nodig om te voldoen aan de financiele eisen (ICR, LtV, etc) van onze externe toezichthouders, voldoende rendement te halen op het eigen vermogen. (Sluit aan bij de tabel op pagina 30 van het document Portefeuillestrategie);Vormgeving;Beleidsuitspraak;;Fin.;Vormgeving;De Key Amsterdam;
We zijn verplicht om zowel met de gemeente als met de huurders meer informatie te delen.;Class;RichtinggevendeUitspraak;Proposed;We zijn verplicht om zowel met de gemeente als met de huurders meer informatie te delen. Daarnaast spelen de huurders een grotere rol bij het maken van prestatieafspraken met de gemeente.;Vormgeving;Beleidsuitspraak;;Stakeh.;Vormgeving;De Key Amsterdam;
Open communicatie op basis van vertrouwen is een voorwaarde om te komen tot een organisatie die steeds weer past bij de actualiteit.;Class;RichtinggevendeUitspraak;Proposed;Open communicatie op basis van vertrouwen is een voorwaarde om te komen tot een organisatie die steeds weer past bij de actualiteit.;Vormgeving;Beleidsuitspraak;;Org.best.;Vormgeving;De Key Amsterdam;
De kwaliteitseisen (onderhoud) die we stellen zijn in alle drie de takken (DAEB en niet DAEB woningen) hetzelfde.;Class;RichtinggevendeUitspraak;Proposed;De kwaliteitseisen (onderhoud) die we stellen zijn in alle drie de takken (DAEB en niet DAEB woningen) hetzelfde.;Vormgeving;Beleidsuitspraak;;Vastg.;Vormgeving;De Key Amsterdam;
Het friendsconcept wordt verder ontwikkeld.;Class;RichtinggevendeUitspraak;Proposed;Het friendsconcept wordt verder ontwikkeld.;Vormgeving;Beleidsuitspraak;;Vastg.;Vormgeving;De Key Amsterdam;
In het geliberaliseerde segment vragen we volgens ons huurbeleid de markthuur.;Class;RichtinggevendeUitspraak;Proposed;In het geliberaliseerde segment vragen we volgens ons huurbeleid de markthuur.;Vormgeving;Beleidsuitspraak;;Vastg.;Vormgeving;De Key Amsterdam;
Fiscaliteit is integraal onderdeel van de rendementsdoelstellingen die De Key formuleert.;Class;RichtinggevendeUitspraak;Proposed;Fiscaliteit is integraal onderdeel van de rendementsdoelstellingen die De Key formuleert.;Vormgeving;Beleidsuitspraak;;Fin.;Vormgeving;De Key Amsterdam;
We stellen in het tweede half jaar complexplannen op (2016);Class;RichtinggevendeUitspraak;Proposed;We stellen in het tweede half jaar complexplannen op (2016);Vormgeving;Beleidsuitspraak;;Vastg.;Vormgeving;De Key Amsterdam;
We professionaliseren onze eigenaarsrol in de VvE (2016);Class;RichtinggevendeUitspraak;Proposed;We professionaliseren onze eigenaarsrol in de VvE (2016);Vormgeving;Beleidsuitspraak;;Org.best.;Vormgeving;De Key Amsterdam;
Opstellen verbetervoorstellen die de beheersing van kasstromen rondom VvE�s optimaliseren;Class;RichtinggevendeUitspraak;Proposed;Opstellen verbetervoorstellen die de beheersing van kasstromen rondom VvE�s optimaliseren;Vormgeving;Beleidsuitspraak;;Fin.;Vormgeving;De Key Amsterdam;
Ons streven is ontruimingen op basis van huurschuld te voorkomen.;Class;RichtinggevendeUitspraak;Proposed;Ons streven is ontruimingen op basis van huurschuld te voorkomen.;Vormgeving;Beleidsuitspraak;;Klant;Vormgeving;De Key Amsterdam;
Andere vormen zoals hospita verhuur of een project als �Onder de pannen� (het tijdelijk een kamer beschikbaar stellen aan iemand zonder woning) willen wij steeds meer mogelijk maken.;Class;RichtinggevendeUitspraak;Proposed;Andere vormen zoals hospita verhuur of een project als �Onder de pannen� (het tijdelijk een kamer beschikbaar stellen aan iemand zonder woning) willen wij steeds meer mogelijk maken.;Vormgeving;Beleidsuitspraak;;Klant;Vormgeving;De Key Amsterdam;
Wij professionaliseren de vastlegging en de uitvoering van de zakenpartnertoets;Class;RichtinggevendeUitspraak;Proposed;Wij professionaliseren de vastlegging en de uitvoering van de zakenpartnertoets;Vormgeving;Beleidsuitspraak;;Proc.;Vormgeving;De Key Amsterdam;
Wij stellen de procesbeschrijving en het beleid ten aanzien van nieuw bouw en transformatie vast. (2016);Class;RichtinggevendeUitspraak;Proposed;Wij stellen de procesbeschrijving en het beleid ten aanzien van nieuw bouw en transformatie vast. (2016);Vormgeving;Doelstelling;;Proc.;Vormgeving;De Key Amsterdam;
De medewerker Audit & Interne Beheersing monitort periodiek de voortgang van het integrale verbeterplan;Class;RichtinggevendeUitspraak;Proposed;De medewerker Audit & Interne Beheersing monitort periodiek de voortgang van het integrale verbeterplan;Vormgeving;Beleidsuitspraak;;Proc.;Vormgeving;De Key Amsterdam;
Daarnaast leggen we normen vast voor ons direct portefeuillerendement op complexniveau.;Class;RichtinggevendeUitspraak;Proposed;Daarnaast leggen we normen vast voor ons direct portefeuillerendement op complexniveau.;Vormgeving;Beleidsuitspraak;;Fin.;Vormgeving;De Key Amsterdam;
Voor de goede risicobeheersing ontwikkelt De Key een op de organisatie en haar bedrijfsvoering toegesneden intern risicobeheersing- en controlesysteem (hierna IRC-systeem).;Class;RichtinggevendeUitspraak;Proposed;Voor de goede risicobeheersing ontwikkelt De Key een op de organisatie en haar bedrijfsvoering toegesneden intern risicobeheersing- en controlesysteem (hierna IRC-systeem).;Vormgeving;Beleidsuitspraak;;Org.best.;Vormgeving;De Key Amsterdam;
Informatiebeveiliging blijft een continue punt van aandacht.;Class;RichtinggevendeUitspraak;Proposed;Informatiebeveiliging blijft een continue punt van aandacht.;Vormgeving;Beleidsuitspraak;;Infovz.;Vormgeving;De Key Amsterdam;
Bij ICT en Informatievoorziening werken verbindende professionals die klaar zijn voor de toekomst van De Key en daarom altijd net een stapje voor moeten lopen.;Class;RichtinggevendeUitspraak;Proposed;Bij ICT en Informatievoorziening werken verbindende professionals die klaar zijn voor de toekomst van De Key en daarom altijd net een stapje voor moeten lopen. Het is zaak om ontwikkelingen in en om de organisatie goed te volgen, om klaar te zijn voor nieuwe stappen als de organisatie daar om vraagt;Vormgeving;Beleidsuitspraak;;Medew.;Vormgeving;De Key Amsterdam;
Tijdelijke contracten (ICT en IV) wel in eerste instantie, maar daarna vast. Kennis vasthouden of in ieder geval niet snel laten vertrekken.;Class;RichtinggevendeUitspraak;Proposed;Tijdelijke contracten (ICT en IV) wel in eerste instantie, maar daarna vast. Kennis vasthouden of in ieder geval niet snel laten vertrekken;Vormgeving;Beleidsuitspraak;;Medew.;Vormgeving;De Key Amsterdam;
Het beleid bij de Key is dat wij 4 kaders hebben waaraan elk proces getoetst hoort te worden.;Class;RichtinggevendeUitspraak;Proposed;Het beleid bij de Key is dat wij 4 kaders hebben waaraan elk proces getoetst hoort te worden. Het eerste kader voor procesmanagement is de koers en missie van De Key. Het tweede kader is de wetgeving. Daarnaast zijn de Governancecode Woningcorporaties en het interne risico- en controlesysteem ons kader voor onze procesbeschrijvingen.;Vormgeving;Beleidsuitspraak;;Proc.;Vormgeving;De Key Amsterdam;
Het management in de rol van proceseigenaar is niet alleen verantwoordelijk voor de beschrijving van de processen, maar ook voor het implementeren, analyseren en continue verbeteren ervan.;Class;RichtinggevendeUitspraak;Proposed;Het management in de rol van proceseigenaar is niet alleen verantwoordelijk voor de beschrijving van de processen, maar ook voor het implementeren, analyseren en continue verbeteren ervan. (Zie details pag. 9);Vormgeving;Beleidsuitspraak;;Proc.;Vormgeving;De Key Amsterdam;
Bij het opstellen en/ of actualiseren van kernprocessen, maakt de proceseigenaar een inventarisatie van de belangrijkste risico�s (richtlijn is circa vijf stuks) en de daarbij horende beheersmaatregelen.;Class;RichtinggevendeUitspraak;Proposed;Bij het opstellen en/ of actualiseren van kernprocessen, maakt de proceseigenaar een inventarisatie van de belangrijkste risico�s (richtlijn is circa vijf stuks) en de daarbij horende beheersmaatregelen. De Key maakt daarbij onderscheid in operationele, financi�le en compliance risico�s.;Vormgeving;Beleidsuitspraak;;Proc.;Vormgeving;De Key Amsterdam;
Om de uniformiteit van de procesbeschrijvingen te bewaken is een standaard inleiding vastgesteld. Deze introductie, inclusief de risico en control matrix, is verplicht.;Class;RichtinggevendeUitspraak;Proposed;Om de uniformiteit van de procesbeschrijvingen te bewaken is een standaard inleiding vastgesteld. Deze introductie, inclusief de risico en control matrix, is verplicht.;Vormgeving;Beleidsuitspraak;;Proc.;Vormgeving;De Key Amsterdam;
Processen kunnen op verschillende niveaus van abstractie worden beschreven.;Class;RichtinggevendeUitspraak;Proposed;"Processen kunnen op verschillende niveaus van abstractie worden beschreven. De Key maakt onderscheid in: 
� Hoofdprocessen; 
� Werkprocessen; 
� Deelprocessen; 
� Werkinstructies (en andere hulpmiddelen zoals checklisten, sjablonen etc.)";Vormgeving;Beleidsuitspraak;;Proc.;Vormgeving;De Key Amsterdam;
De medewerker Audit & Interne Beheersing is ingeschreven bij de SVRO (de stichting van het Instituut Internal Auditors Nederland die het register van operational auditors verzorgt).;Class;RichtinggevendeUitspraak;Proposed;De medewerker Audit & Interne Beheersing is ingeschreven bij de SVRO (de stichting van het Instituut Internal Auditors Nederland die het register van operational auditors verzorgt).;Vormgeving;Beleidsuitspraak;;Org.best.;Vormgeving;De Key Amsterdam;
De afdelingen Audit & Interne Beheersing en Planning & Control hebben samen een belangrijke (controlerende) rol binnen het IRC-systeem.;Class;RichtinggevendeUitspraak;Proposed;De afdelingen Audit & Interne Beheersing en Planning & Control hebben samen een belangrijke (controlerende) rol binnen het IRC-systeem. De medewerker Audit & Interne Beheersing onderzoekt door middel van (operationele en compliance) audits de effectiviteit van bedrijfsprocessen en/ of de naleving van wet- en regelgeving. De business controllers van de afdeling Planning & Control onderzoek door middel van toetsingen of specifieke (financi�le) beheersingsmaatregelen binnen de bedrijfsprocessen werken.;Vormgeving;Beleidsuitspraak;;Org.best.;Vormgeving;De Key Amsterdam;
Eenvoudige klachtenprocedure;Class;RichtinggevendeUitspraak;Proposed;"Met het vernieuwde klachtenbeleid beschikken we over:
<ul>
	<li>een laagdrempelige klachtenprocedure voor de huurder; </li>
	<li>een eenduidig klachtenbeleid voor alle huurders  van De Key;</li>
	<li>duidelijke werkafspraken hoe we omgaan met klachten in de organisatie.</li>
</ul>";Vormgeving;Beleidsuitspraak;;Klant;Vormgeving;De Key Amsterdam;RGU-205
"We bieden (bij klachten; het beleid/de procedures zijn niet gevolgd.) onze excuses aan en geven toe dat er een fout is gemaakt.";Class;RichtinggevendeUitspraak;Proposed;"We bieden (bij klachten; het beleid/de procedures zijn niet gevolgd.) onze excuses aan en geven toe dat er een fout is gemaakt. Als deze fout aantoonbare (financi�le) consequenties heeft voor de huurder vergoeden wij de schade.";Vormgeving;Beleidsuitspraak;;Medew.;Vormgeving;De Key Amsterdam;
Klachten met een ernstig vermoeden tot strafbaar feit worden direct voorgelegd aan de directeur van het bedrijfsonderdeel.;Class;RichtinggevendeUitspraak;Proposed;Klachten met een ernstig vermoeden tot strafbaar feit worden direct voorgelegd aan de directeur van het bedrijfsonderdeel. Deze informeert de bestuurder en overlegt met juridische zaken welke acties nodig zijn.;Vormgeving;Beleidsuitspraak;;Medew.;Vormgeving;De Key Amsterdam;
Contacten met de offici�le media verlopen via de afdeling Communicatie.;Class;RichtinggevendeUitspraak;Proposed;Contacten met de offici�le media verlopen via de afdeling Communicatie. Directieleden en communicatieadviseurs van de afdeling Communicatie staan de pers te woord. De teammanager Communicatie kan in overleg met de directie hiervan afwijken en toestaan dat een andere collega de media te woord staat.;Vormgeving;Beleidsuitspraak;;Medew.;Vormgeving;De Key Amsterdam;
De Key denkt goed na over het beeld dat zij als organisatie wil uitdragen. Huisvesting, visitekaartjes, huisstijl, maar zeker ook kleding horen daar bij.;Class;RichtinggevendeUitspraak;Proposed;De Key denkt goed na over het beeld dat zij als organisatie wil uitdragen. Huisvesting, visitekaartjes, huisstijl, maar zeker ook kleding horen daar bij.;Vormgeving;Beleidsuitspraak;;Medew.;Vormgeving;De Key Amsterdam;
(doel integriteitsbeleid) het behouden van een integere organisatie waarbij belang wordt gehecht aan het melden van misstanden zowel intern als extern en waarbij iedereen zijn professionele verantwoording neemt.;Class;RichtinggevendeUitspraak;Proposed;(doel integriteitsbeleid) het behouden van een integere organisatie waarbij belang wordt gehecht aan het melden van misstanden zowel intern als extern en waarbij iedereen zijn professionele verantwoording neemt.;Vormgeving;Beleidsuitspraak;;Medew.;Vormgeving;De Key Amsterdam;
De Key staat voor een proactief integriteitsbeleid: zaken blijvend bespreekbaar maken zowel top-down als bottom-up;Class;RichtinggevendeUitspraak;Proposed;De Key staat voor een proactief integriteitsbeleid: zaken blijvend bespreekbaar maken zowel top-down als bottom-up;Vormgeving;Beleidsuitspraak;;Medew.;Vormgeving;De Key Amsterdam;
De bestuurder moet integriteit voortdurend onder de aandacht houden en anderen aanspreken op het naleven van de integriteitsregels.;Class;RichtinggevendeUitspraak;Proposed;De bestuurder moet integriteit voortdurend onder de aandacht houden en anderen aanspreken op het naleven van de integriteitsregels.;Vormgeving;Beleidsuitspraak;;Org.best.;Vormgeving;De Key Amsterdam;
Nieuwe medewerkers worden vooraf gescreend op onderwerpen binnen het integriteitsbeleid.;Class;RichtinggevendeUitspraak;Proposed;Nieuwe medewerkers worden vooraf gescreend op onderwerpen binnen het integriteitsbeleid.;Vormgeving;Beleidsuitspraak;;Medew.;Vormgeving;De Key Amsterdam;
Het ondertekenen van een geheimhoudingsverklaring en de gedragscode door externen is verplicht.;Class;RichtinggevendeUitspraak;Proposed;Het ondertekenen van een geheimhoudingsverklaring en de gedragscode door externen is verplicht.;Vormgeving;Beleidsuitspraak;;Lev.;Vormgeving;De Key Amsterdam;
Ook wordt er actief beleid gevoerd op integriteit door het vastleggen van bevoegdheden (en hiermee het wegnemen van verleidingen) en functiescheiding.;Class;RichtinggevendeUitspraak;Proposed;Ook wordt er actief beleid gevoerd op integriteit door het vastleggen van bevoegdheden (en hiermee het wegnemen van verleidingen) en functiescheiding.;Vormgeving;Beleidsuitspraak;;Org.best.;Vormgeving;De Key Amsterdam;
De proceseigenaar inventariseert in continu�teit de actualiteit van de van toepassing zijnde wet- en regelgeving en de ontwikkeling van (compliance)risico�s en koppelt deze terug met de beheerder van het (compliance) framework.;Class;RichtinggevendeUitspraak;Proposed;De proceseigenaar inventariseert in continu�teit de actualiteit van de van toepassing zijnde wet- en regelgeving en de ontwikkeling van (compliance)risico�s en koppelt deze terug met de beheerder van het (compliance) framework.;Vormgeving;Beleidsuitspraak;;Proc.;Vormgeving;De Key Amsterdam;
(Proceseigenaar) Is verantwoordelijk voor het totale procesverloop (ook als dit over afdelingen heen gaat) en de procesresultaten;Class;RichtinggevendeUitspraak;Proposed;(Proceseigenaar) Is verantwoordelijk voor het totale procesverloop (ook als dit over afdelingen heen gaat) en de procesresultaten;Vormgeving;Beleidsuitspraak;;Proc.;Vormgeving;De Key Amsterdam;
1.1.4. Het risicomanagementstatuut is van toepassing op alle medewerkers, leidinggevenden, de Directie, de Bestuurder en de Raad van Commissarissen van De Key;Class;RichtinggevendeUitspraak;Proposed;1.1.4. Het risicomanagementstatuut is van toepassing op alle medewerkers, leidinggevenden, de Directie, de Bestuurder en de Raad van Commissarissen van De Key;Vormgeving;Beleidsuitspraak;;Medew.;Vormgeving;De Key Amsterdam;
1.4.1. Het risicomanagementstatuut heeft tot doel:;Class;RichtinggevendeUitspraak;Proposed;"1.4.1. Het risicomanagementstatuut heeft tot doel:
� Het scheppen van kaders voor de identificatie, beoordeling, beheersing en rapportage van risico�s binnen De Key;
� Het verschaffen van transparantie over de sturing op, beheersing van en verantwoording over de activiteiten die De Key op het gebied van risicomanagement ontplooit;
� Het vormen van de basis voor de gewenste risicobeheersingsomgeving (risicocultuur) bij De Key.";Vormgeving;Beleidsuitspraak;;Org.best.;Vormgeving;De Key Amsterdam;
De Key belegt risicomanagement �laag' in de organisatie;Class;RichtinggevendeUitspraak;Proposed;De Key belegt risicomanagement �laag' in de organisatie;Vormgeving;Beleidsuitspraak;;Medew.;Vormgeving;De Key Amsterdam;
De Key streeft een open en transparante cultuur na, waarbinnen medewerkers zich vrij voelen, om soms lastige zaken bespreekbaar te maken, feedback te geven, twijfels te uiten, meningen te ventileren;Class;RichtinggevendeUitspraak;Proposed;De Key streeft een open en transparante cultuur na, waarbinnen medewerkers zich vrij voelen, om soms lastige zaken bespreekbaar te maken, feedback te geven, twijfels te uiten, meningen te ventileren;Vormgeving;Beleidsuitspraak;;Medew.;Vormgeving;De Key Amsterdam;
Ons doel is om op het gebied van informatiebeveiliging en privacy compliant te zijn aan de Wet Bescherming Persoonsgegevens (WBP) te zijn en volledig in control te zijn op beide onderwerpen;Class;RichtinggevendeUitspraak;Proposed;Ons doel is om op het gebied van informatiebeveiliging en privacy compliant te zijn aan de Wet Bescherming Persoonsgegevens (WBP) te zijn en volledig in control te zijn op beide onderwerpen;Vormgeving;Beleidsuitspraak;;Infovz.;Vormgeving;De Key Amsterdam;
Alle informatie en informatiesystemen zijn van kritiek en vitaal belang voor De Key.;Class;RichtinggevendeUitspraak;Proposed;Alle informatie en informatiesystemen zijn van kritiek en vitaal belang voor De Key. De verantwoordelijkheid voor informatiebeveiliging ligt bij het (lijn)management, met de directie als eindverantwoordelijke. De verantwoordelijkheden voor de bescherming van gegevens en voor het uitvoeren van beveiligingsprocedures zijn expliciet gedefinieerd (zie nota informatiebeveiligingsbeleid);Vormgeving;Beleidsuitspraak;;Infovz.;Vormgeving;De Key Amsterdam;
(de reikwijdte van het informatiebeveiligingsbeleid) Dit beleid heeft niet alleen betrekking op de interne organisatie en technische infrastructuur van De Key, maar ook op de relatie met derden, zoals leveranciers, instanties waarmee gegevens worden uitge;Class;RichtinggevendeUitspraak;Proposed;(de reikwijdte van het informatiebeveiligingsbeleid) Dit beleid heeft niet alleen betrekking op de interne organisatie en technische infrastructuur van De Key, maar ook op de relatie met derden, zoals leveranciers, instanties waarmee gegevens worden uitgewisseld;Vormgeving;Beleidsuitspraak;;Infovz.;Vormgeving;De Key Amsterdam;
De Key zorgt er voor dat het reglement financieel beleid en beheer actueel blijft, dat het een feitelijke beschrijving van de processen is en dat zij toeziet op de naleving daarvan.;Class;RichtinggevendeUitspraak;Proposed;De Key zorgt er voor dat het reglement financieel beleid en beheer actueel blijft, dat het een feitelijke beschrijving van de processen is en dat zij toeziet op de naleving daarvan. De Key borgt de actualiteit van het reglement door periodiek te evalueren in hoeverre aanpassingen noodzakelijk zijn.;Vormgeving;Beleidsuitspraak;;Proc.;Vormgeving;De Key Amsterdam;
De Key neemt in de MJB tevens voor ten minste vijf jaar volgend op het laatst afgesloten boekjaar, streefwaarden en prestatie-indicatoren op, die betrekking hebben op de in die jaren te verwachte financi�le situatie en financi�le risico�s, conform BTiV ar;Class;RichtinggevendeUitspraak;Proposed;De Key neemt in de MJB tevens voor ten minste vijf jaar volgend op het laatst afgesloten boekjaar, streefwaarden en prestatie-indicatoren op, die betrekking hebben op de in die jaren te verwachte financi�le situatie en financi�le risico�s, conform BTiV artikel 104 lid 2 sub c. De minimale streefwaarden uit de MJB sluiten aan bij die van het WSW en de Aw.;Vormgeving;Beleidsuitspraak;;Fin.;Vormgeving;De Key Amsterdam;
De Key heeft geen derivaten en zal geen nieuwe derivatencontracten afsluiten.;Class;RichtinggevendeUitspraak;Proposed;De Key heeft geen derivaten en zal geen nieuwe derivatencontracten afsluiten.;Vormgeving;Beleidsuitspraak;;Fin.;Vormgeving;De Key Amsterdam;
De Key en de verbonden ondernemingen hanteren geen rentevisie voor beleggingen.;Class;RichtinggevendeUitspraak;Proposed;De Key en de verbonden ondernemingen hanteren geen rentevisie voor beleggingen.;Vormgeving;Beleidsuitspraak;;Fin.;Vormgeving;De Key Amsterdam;
Het inkoopbeleid is integraal en centraal met decentrale uitvoering.;Class;RichtinggevendeUitspraak;Proposed;Het inkoopbeleid is integraal en centraal met decentrale uitvoering.;Vormgeving;Beleidsuitspraak;;Org.best.;Vormgeving;De Key Amsterdam;
Tegenover haar (potenti�le) leveranciers wil De Key een betrouwbare en zorgvuldige opdrachtgever zijn, die hen eerlijke en gelijke kansen biedt.;Class;RichtinggevendeUitspraak;Proposed;Tegenover haar (potenti�le) leveranciers wil De Key een betrouwbare en zorgvuldige opdrachtgever zijn, die hen eerlijke en gelijke kansen biedt.;Vormgeving;Beleidsuitspraak;;Lev.;Vormgeving;De Key Amsterdam;
De Key koopt in vanuit professioneel opdrachtgeverschap en op een duurzame en effici�nte wijze, zodat de kwaliteit wordt gewaarborgd en de financi�le resultaten ten goede komt aan onze kerndoelstellingen.;Class;RichtinggevendeUitspraak;Proposed;De Key koopt in vanuit professioneel opdrachtgeverschap en op een duurzame en effici�nte wijze, zodat de kwaliteit wordt gewaarborgd en de financi�le resultaten ten goede komt aan onze kerndoelstellingen.;Vormgeving;Beleidsuitspraak;;Lev.;Vormgeving;De Key Amsterdam;
Voor elke aanbestedingsprocedure wordt een aanbestedingsdossier opgebouwd.;Class;RichtinggevendeUitspraak;Proposed;Voor elke aanbestedingsprocedure wordt een aanbestedingsdossier opgebouwd.;Vormgeving;Beleidsuitspraak;;Proc.;Vormgeving;De Key Amsterdam;
Leveranciers van De Key worden bij eerste eventuele samenwerking boven � 15.000,- gecontroleerd via een krediet-controle en een RFI (Request for Information).;Class;RichtinggevendeUitspraak;Proposed;Leveranciers van De Key worden bij eerste eventuele samenwerking boven � 15.000,- gecontroleerd via een krediet-controle en een RFI (Request for Information). Dit gebeurt om (afbreuk-)risico�s te vermijden en ook vast te stellen dat leveranciers niet meer dan 20% van hun bedrijfsvoering afhankelijk zijn van De Key.;Vormgeving;Beleidsuitspraak;;Lev.;Vormgeving;De Key Amsterdam;
Wij nemen alle noodzakelijke technische beveiligingsmaatregelen die nodig zijn om misbruik van en ongeautoriseerde toegang tot persoonsgegevens te voorkomen.;Class;RichtinggevendeUitspraak;Proposed;Wij nemen alle noodzakelijke technische beveiligingsmaatregelen die nodig zijn om misbruik van en ongeautoriseerde toegang tot persoonsgegevens te voorkomen.;Vormgeving;Beleidsuitspraak;;Infovz.;Vormgeving;De Key Amsterdam;
Als een andere partij of instantie werk voor ons verricht (bijvoorbeeld Beter Buren, de Deurwaarder, aannemers) moet deze partij een bewerkersovereenkomst getekend hebben waarin staat waarvoor ze deze gegevens ontvangen en mogen verwerken en hoe ze er mee;Class;RichtinggevendeUitspraak;Proposed;Als een andere partij of instantie werk voor ons verricht (bijvoorbeeld Beter Buren, de Deurwaarder, aannemers) moet deze partij een bewerkersovereenkomst getekend hebben waarin staat waarvoor ze deze gegevens ontvangen en mogen verwerken en hoe ze er mee om moeten gaan.;Vormgeving;Beleidsuitspraak;;Lev.;Vormgeving;De Key Amsterdam;
Soms is het nodig om persoonsgegevens over en weer te delen met andere instanties (bijvoorbeeld Zoeklicht, Treiteraanpak, Meldpunt Zorg en Overlast, Vroeg erop Af). In die gevallen moet een convenant getekend zijn waarin staat voor welk doel welke persoon;Class;RichtinggevendeUitspraak;Proposed;Soms is het nodig om persoonsgegevens over en weer te delen met andere instanties (bijvoorbeeld Zoeklicht, Treiteraanpak, Meldpunt Zorg en Overlast, Vroeg erop Af). In die gevallen moet een convenant getekend zijn waarin staat voor welk doel welke persoonsgegevens gedeeld worden en hoe er met deze gegevens wordt omgegaan.;Vormgeving;Beleidsuitspraak;;Stakeh.;Vormgeving;De Key Amsterdam;
De zakenpartnertoets is een instrument bij de besluitvorming omtrent verkoop van onroerend goed.;Class;RichtinggevendeUitspraak;Proposed;De zakenpartnertoets is een instrument bij de besluitvorming omtrent verkoop van onroerend goed. De toets zorgt ervoor dat De Key een juiste inspanning levert om alleen zaken te doen met integere partijen en risico�s met betrekking tot de zakenpartner worden beheerst.;Vormgeving;Beleidsuitspraak;;Stakeh.;Vormgeving;De Key Amsterdam;
Individuele zakenpartnerdossiers en acceptatiebesluiten worden niet aan partijen buiten De Key bekendgemaakt.;Class;RichtinggevendeUitspraak;Proposed;Individuele zakenpartnerdossiers en acceptatiebesluiten worden niet aan partijen buiten De Key bekendgemaakt.;Vormgeving;Beleidsuitspraak;;Stakeh.;Vormgeving;De Key Amsterdam;
De Key wil gebouwen ontwikkelen die in de toekomst hun waarde behouden.;Class;RichtinggevendeUitspraak;Proposed;De Key wil gebouwen ontwikkelen die in de toekomst hun waarde behouden. Gebouwen dienen toekomstbestendig te zijn voor wat betreft wooncomfort en gebruikskwaliteit, maar ook voor wat betreft het beheer en onderhoud. Gebouwen dienen waardevast te zijn voor de verhuur, maar ook voor eventuele verkoop in de toekomst.;Vormgeving;Beleidsuitspraak;;Vastg.;Vormgeving;De Key Amsterdam;
Naast waardevastheid is sober & doelmatig een belangrijk uitgangspunt.;Class;RichtinggevendeUitspraak;Proposed;Naast waardevastheid is sober & doelmatig een belangrijk uitgangspunt.;Vormgeving;Beleidsuitspraak;;Vastg.;Vormgeving;De Key Amsterdam;
"Wij ontwikkelen nieuwbouw die qua oppervlakte en uitrusting past bij deze doelgroep (starters). Bijvoorbeeld:
Een twee-kamerwoning is maximaal 40 m2 VO (vloeroppervlak)";Class;RichtinggevendeUitspraak;Proposed;"Wij ontwikkelen nieuwbouw die qua oppervlakte en uitrusting past bij deze doelgroep (starters). Bijvoorbeeld:
Een twee-kamerwoning is maximaal 40 m2 VO (vloeroppervlak)";Vormgeving;Beleidsuitspraak;;Vastg.;Vormgeving;De Key Amsterdam;
Veilige, schone en hele woning;Class;RichtinggevendeUitspraak;Proposed;De Key biedt bestaande en nieuwe klanten een woning die veilig, heel en schoon is.;Vormgeving;Principe;;Klant;Vormgeving;De Key Amsterdam;RGU-1
Permanent aandacht voor efficiency;Class;RichtinggevendeUitspraak;Proposed;Efficiency heeft permanent onze aandacht.;Vormgeving;Principe;;Fin.;Vormgeving;De Key Amsterdam;RGU-3
We zoeken naar de juiste balans tussen dingen zelf doen of uitbesteden;Class;RichtinggevendeUitspraak;Proposed;We zoeken naar de juiste balans tussen dingen zelf doen of uitbesteden.;Vormgeving;Principe;;Org.best.;Vormgeving;De Key Amsterdam;RGU-10
Werken met passie en commitment;Class;RichtinggevendeUitspraak;Proposed;Bij De Key werken mensen die met passie en commitment hun rol pakken.;Vormgeving;Principe;;Medew.;Vormgeving;De Key Amsterdam;RGU-14
Waarden en normen passen bij de maatschappelijke opdracht;Class;RichtinggevendeUitspraak;Proposed;Leden van bestuur en RvT hanteren waarden en normen die passen bij de maatschappelijke opdracht.;Vormgeving;Principe;;Org.best.;Vormgeving;De Key Amsterdam;RGU-17
Voor bestuur en RvT staat het behalen van maatschappelijke resultaten voorop;Class;RichtinggevendeUitspraak;Proposed;Voor bestuur en RvT staat het behalen van maatschappelijke resultaten voorop.;Vormgeving;Principe;;Org.best.;Vormgeving;De Key Amsterdam;RGU-18
Integere en open cultuur;Class;RichtinggevendeUitspraak;Proposed;De corporatie is een organisaties met een integere en open cultuur waarbinnen ruimte is voor reflectie en tegenspraak. Bestuur en RvT hebben daarbij een voorbeeldfunctie voor zowel hun eigen corporatie als voor de gehele sector;Vormgeving;Principe;;Org.best.;Vormgeving;De Key Amsterdam;RGU-19
Functioneren als ronde organisatie;Class;RichtinggevendeUitspraak;Proposed;De organisatie wil steeds meer loskomen van de top-down hi�rarchie en gaat steeds meer functioneren als een ronde organisatie waarin medewerkers elkaar rechtstreeks weten te vinden in het belang van de klant of de toezichthouder;Vormgeving;Principe;;Org.best.;Vormgeving;De Key Amsterdam;RGU-22
Organisatiedoelen en -waarden worden gedeeld en risicomanagement is zo laag mogelijk belegd;Class;RichtinggevendeUitspraak;Proposed;Het is een organisatie waarin organisatiedoelen en -waarden worden gedeeld en het risicomanagement zo laag mogelijk in de organisatie is belegd.;Vormgeving;Principe;;Org.best.;Vormgeving;De Key Amsterdam;RGU-23
Medewerkers zijn professioneel;Class;RichtinggevendeUitspraak;Proposed;"Bij De Key beschikt een professionele medewerker over:
<ul>
	<li>voldoende kennis en kunde,</li>
	<li>het vermogen om effectief samen te werken,</li>
	<li>eigenaarschap en daadkracht in het werk.</li>
</ul>";Vormgeving;Principe;;Medew.;Vormgeving;De Key Amsterdam;RGU-24
Besturing volgens het 5R-principe;Class;RichtinggevendeUitspraak;Proposed;De Key wordt bestuurd volgens het 5R-principe (Richting, Ruimte, Resultaat, Responsief, Rekenschap);Vormgeving;Principe;;Org.best.;Vormgeving;De Key Amsterdam;RGU-26
De bestuurder wordt benoemd voor vier jaar;Class;RichtinggevendeUitspraak;Proposed;De bestuurder wordt benoemd voor vier jaar en kan telkens voor vier jaar worden herbenoemd.;Vormgeving;Principe;;Org.best.;Vormgeving;De Key Amsterdam;RGU-28
Bestuurlijke keuzes;Class;RichtinggevendeUitspraak;Proposed;De bestuurder wordt geacht iets te willen op basis van bestuurlijke keuzes en stelt daartoe de kaders op (en) De Raad van Commissarissen (RvT) wordt - vanuit het perspectief van good governance - geacht iets te vinden over wat de bestuurder wil.;Vormgeving;Principe;;Org.best.;Vormgeving;De Key Amsterdam;RGU-29
De bestuurder zorgt voor passende bestuurlijke besluiten;Class;RichtinggevendeUitspraak;Proposed;Van een bestuurder wordt verwacht dat diens bestuurlijke besluiten passen bij De Key, aansluiten bij maatschappelijke ontwikkelingen en de continu�teit van de organisatie borgen;Vormgeving;Principe;;Org.best.;Vormgeving;De Key Amsterdam;RGU-30
RvT legitimeert en versterkt de keuzes van de bestuurder;Class;RichtinggevendeUitspraak;Proposed;Van de RvT wordt verwacht dat zij met haar oordeel over de kwaliteit van de bestuurlijke besluiten de keuzes van de bestuurder legitimeert en versterkt.;Vormgeving;Principe;;Org.best.;Vormgeving;De Key Amsterdam;RGU-31
Directeuren maken de bestuurlijke besluiten zichtbaar in het maatschappelijke en financiële rendement;Class;RichtinggevendeUitspraak;Proposed;"Van de directeuren wordt verwacht dat zij de bestuurlijke besluiten zichtbaar maken in het maatschappelijke en financi&#235;le rendement van De Key.";Vormgeving;Principe;;Org.best.;Vormgeving;De Key Amsterdam;RGU-32
Managers creëren de randvoorwaarden voor optimaal functioneren en presteren;Class;RichtinggevendeUitspraak;Proposed;"Van de managers wordt verwacht dat zij voorbeeldgedrag vertonen en de randvoorwaarden cre&#235;ren voor optimaal functioneren en presteren";Vormgeving;Principe;;Org.best.;Vormgeving;De Key Amsterdam;RGU-33
Medewerkers realiseren samen de maatschappelijke doelstellingen;Class;RichtinggevendeUitspraak;Proposed;Van de medewerkers wordt verwacht dat zij samen werken aan het realiseren van de maatschappelijke doelstellingen.;Vormgeving;Principe;;Org.best.;Vormgeving;De Key Amsterdam;RGU-34
Een klokkenluider wordt niet benadeeld;Class;RichtinggevendeUitspraak;Proposed;De medewerk(st)er die met inachtneming van de bepalingen in deze (klokkenluiders)regeling een vermoeden van een misstand heeft gemeld, wordt op geen enkele wijze in zijn positie benadeeld als gevolg van het melden.;Vormgeving;Principe;;Medew.;Vormgeving;De Key Amsterdam;RGU-44
Van Baan voor het leven naar Tijdelijke aanstelling;Class;RichtinggevendeUitspraak;Proposed;Van Baan voor het leven naar Tijdelijke aanstelling;Vormgeving;Principe;;Medew.;Vormgeving;De Key Amsterdam;
Van Handelen vanuit overtuiging naar (Zelf-)kritisch reflecterend en integer;Class;RichtinggevendeUitspraak;Proposed;Van Handelen vanuit overtuiging naar (Zelf-)kritisch, reflecterend en integer;Vormgeving;Principe;;Medew.;Vormgeving;De Key Amsterdam;RGU-53
Van aanstelling in functie op afdeling naar aanstelling in algemene dienst;Class;RichtinggevendeUitspraak;Proposed;Van aanstelling in functie op afdeling naar aanstelling in algemene dienst;Vormgeving;Principe;;Medew.;Vormgeving;De Key Amsterdam;RGU-54
Van gelijke kansen op ander werk naar werk op basis van wederzijdse match;Class;RichtinggevendeUitspraak;Proposed;Van iedereen gelijke kansen op ander werk naar werk op basis van wederzijdse match.;Vormgeving;Principe;;Medew.;Vormgeving;De Key Amsterdam;RGU-55
Van taakgericht naar verbindend, coachend management;Class;RichtinggevendeUitspraak;Proposed;Van taakgericht, directief naar verbindend, coachend. (management);Vormgeving;Principe;;Medew.;Vormgeving;De Key Amsterdam;RGU-56
Bedrijfsperspectief aannemen (management);Class;RichtinggevendeUitspraak;Proposed;Van perspectief vanuiut de afdeling naar perspectief vanuit het gehele bedrijf (management);Vormgeving;Principe;;Medew.;Vormgeving;De Key Amsterdam;RGU-57
Strakke processen met ruimte voor maatwerk;Class;RichtinggevendeUitspraak;Proposed;Processen strak inrichten waar dat moet, ruimte voor maatwerk waar mogelijk;Vormgeving;Principe;;Proc.;Vormgeving;De Key Amsterdam;RGU-58
Meer zelfsturing;Class;RichtinggevendeUitspraak;Proposed;Bewegen naar ruimte voor (experimenten met ) zelfsturing;Vormgeving;Principe;;Medew.;Vormgeving;De Key Amsterdam;RGU-59
We houden de woningen van zittende huurders betaalbaar;Class;RichtinggevendeUitspraak;Proposed;We houden de woningen van zittende huurders betaalbaar.;Vormgeving;Principe;;Klant;Vormgeving;De Key Amsterdam;RGU-77
De huurder is verantwoordelijk voor een schone algemene ruimte;Class;RichtinggevendeUitspraak;Proposed;Schoon (algemene ruimte) is de verantwoordelijkheid van de huurder.;Vormgeving;Principe;;Klant;Vormgeving;De Key Amsterdam;RGU-88
We financieren woning- en nieuwbouwinvesteringen uit eigen middelen;Class;RichtinggevendeUitspraak;Proposed;We financieren woning- en nieuwbouwinvesteringen uit eigen middelen, waardoor we het renterisico in de exploitatie verlagen.;Vormgeving;Principe;;Fin.;Vormgeving;De Key Amsterdam;RGU-118
We ontwikkelen zelf geen rentevisie;Class;RichtinggevendeUitspraak;Proposed;We ontwikkelen zelf geen rentevisie, maar deze ontlenen we aan de publicatie van de grootbanken in Nederland.;Vormgeving;Principe;;Fin.;Vormgeving;De Key Amsterdam;RGU-123
We ontwikkelen zelf geen prijsinflatievisie;Class;RichtinggevendeUitspraak;Proposed;We ontwikkelen zelf geen prijsinflatievisie. De visie op de ontwikkeling in het huidige verslagjaar en het begrotingsjaar ontlenen we aan de laatste prognoses van het Centraal Planbureau.;Vormgeving;Principe;;Fin.;Vormgeving;De Key Amsterdam;RGU-124
Professionaliteit, integriteit en risicobereidheid zijn de pijlers voor de interne beheersing sturing;Class;RichtinggevendeUitspraak;Proposed;Professionaliteit, integriteit en risicobereidheid zijn pijlers waar onze interne beheersing en sturing op wordt gebouwd.;Vormgeving;Principe;;Org.best.;Vormgeving;De Key Amsterdam;RGU-125
IV is 24/7 beschikbaar;Class;RichtinggevendeUitspraak;Proposed;24/7 beschikbaarheid informatiesystemen;Vormgeving;Principe;;Dienst.;Vormgeving;De Key Amsterdam;RGU-181
Informatie eenvoudig voor huurder;Class;RichtinggevendeUitspraak;Proposed;Informatie in systemen simpel weergeven voor huurder;Vormgeving;Principe;;Infovz.;Vormgeving;De Key Amsterdam;RGU-182
De data is op orde;Class;RichtinggevendeUitspraak;Proposed;Data in de systemen op orde;Vormgeving;Principe;;Infovz.;Vormgeving;De Key Amsterdam;RGU-183
Outputsystemen afstemmen op dienstverleningskanalen;Class;RichtinggevendeUitspraak;Proposed;Outputsystemen (zoals bijvoorbeeld mailchimp, email, Spooler, Key2Brief) afstemmen op dienstverleningskanalen;Vormgeving;Principe;;Infovz.;Vormgeving;De Key Amsterdam;RGU-184
Hybride cloud indien mogelijk;Class;RichtinggevendeUitspraak;Proposed;Hybride cloud-onderdelen die het aankunnen in de cloud (beschikbaarheid vs functionaliteit);Vormgeving;Principe;;Infovz.;Vormgeving;De Key Amsterdam;RGU-186
Standaardisatie (referentiemodellen CORA, VERA);Class;RichtinggevendeUitspraak;Proposed;Standaardisatie (referentiemodellen CORA, VERA);Vormgeving;Principe;;Org.best.;Vormgeving;De Key Amsterdam;RGU-187
Borgen eenmalige gegevensvastlegging;Class;RichtinggevendeUitspraak;Proposed;Borgen eenmalige gegevensvastlegging;Vormgeving;Principe;;Infovz.;Vormgeving;De Key Amsterdam;RGU-190
Elk proces zo simpel en efficiënt mogelijk inrichten (lean);Class;RichtinggevendeUitspraak;Proposed;"Uiteindelijk moet elk proces 'geleaned' worden, door medewerkers van de werkvloer, om het proces zo simpel en effici&#235;nt mogelijk in te richten.";Vormgeving;Principe;;Proc.;Vormgeving;De Key Amsterdam;RGU-192
Dichtbij de klant;Class;RichtinggevendeUitspraak;Proposed;Dichtbij de klant;Vormgeving;;;;;;
Digitaal waar mogelijk persoonlijk waar nodig;Class;RichtinggevendeUitspraak;Proposed;Digitaal waar mogelijk, persoonlijk waar nodig;Vormgeving;Principe;;Dienst.;Vormgeving;De Key Amsterdam;RGU-197
Verhogen effectiviteit van de organisatie;Class;RichtinggevendeUitspraak;Proposed;Verhogen effectiviteit van de organisatie;Vormgeving;Principe;;Dienst.;Vormgeving;De Key Amsterdam;RGU-198
Goed verhuurderschap en huurderschap (wederkerigheid);Class;RichtinggevendeUitspraak;Proposed;Wederkerigheid: net zoals we verwachten dat huurders zich als goed huurder gedragen, verbinden wij ons aan goed verhuurderschap. Serieus met klachten omgaan hoort daarbij.;Vormgeving;Principe;;Dienst.;Vormgeving;De Key Amsterdam;RGU-206
Gelijke behandeling;Class;RichtinggevendeUitspraak;Proposed;Gelijkheid: Alle huurders van De Key hebben recht op dezelfde kwaliteit van dienstverlening, zeker in het kader van klachten. Klachten worden overal in de organisatie op dezelfde manier behandeld. De Key gaat uit van wederzijds respect tussen huurder en medewerker.;Vormgeving;Principe;;Dienst.;Vormgeving;De Key Amsterdam;RGU-207
Oprechte interesse in de mening van onze huurder;Class;RichtinggevendeUitspraak;Proposed;"Responsiviteit: wij zijn oprecht ge&#239;nteresseerd in de mening van onze huurder over de kwaliteit en dienstverlening van De Key. De voortgang van de afhandeling van een klacht koppelen wij altijd terug naar de klager. Dit zorgt ervoor dat klagers weten wat er met de klacht gedaan is.";Vormgeving;Principe;;Dienst.;Vormgeving;De Key Amsterdam;RGU-208
Iedereen verantwoordelijk voor het signaleren en afhandelen van klachten;Class;RichtinggevendeUitspraak;Proposed;Iedereen bij De Key is verantwoordelijk voor het signaleren en afhandelen van klachten. De basishouding is dat iedereen die onvrede bij een huurder signaleert daar adequaat op reageert.;Vormgeving;Principe;;Medew.;Vormgeving;De Key Amsterdam;RGU-209
Integriteit;Class;RichtinggevendeUitspraak;Proposed;Integriteit houdt in dat iedereen die voor De Key werkt, zijn taak en functie adequaat, zorgvuldig en betrouwbaar uitvoert. Maar integriteit betekent ook dat zelfstandigheid en handelingsvrijheid onlosmakelijk verbonden zijn met het afleggen van verantwoording over het uitgevoerde werk.;Vormgeving;Principe;;Medew.;Vormgeving;De Key Amsterdam;RGU-213
(schijn van) Belangenverstrengeling voorkomen;Class;RichtinggevendeUitspraak;Proposed;We willen echter voorkomen dat er (een schijn van) belangenverstrengeling ontstaat. (Omgaan met externe en interne relaties);Vormgeving;Principe;;Medew.;Vormgeving;De Key Amsterdam;RGU-214
Elkaar behandelen zoals je zelf behandeld wenst te worden;Class;RichtinggevendeUitspraak;Proposed;Ons uitgangspunt is dat alle medewerkers bij De Key elkaar behandelen zoals ze zelf behandeld wensen te worden;Vormgeving;Principe;;Medew.;Vormgeving;De Key Amsterdam;RGU-216
Schriftelijke toestemming nodig voor een baan naast werken bij ons;Class;RichtinggevendeUitspraak;Proposed;Wil je naast je baan bij De Key ander werk doen? Dan heb je daarvoor eerst schriftelijke toestemming nodig van je leidinggevende.;Vormgeving;Principe;;Medew.;Vormgeving;De Key Amsterdam;RGU-218
Alle te verwerken informatie is eigendom van De Key;Class;RichtinggevendeUitspraak;Proposed;Bedrijfsinformatie, inclusief alle gegevens rondom huurders, is eigendom van De Key. Dat betekent dat we er vertrouwelijk mee omgaan. Iedereen bij De Key heeft een geheimhoudingsplicht.;Vormgeving;Principe;;Medew.;Vormgeving;De Key Amsterdam;RGU-219
Naleven gedragsprotocol;Class;RichtinggevendeUitspraak;Proposed;De regels in dit Gedragsprotocol zijn niet vrijblijvend. Het niet naleven van de gedragsregels kan gevolgen hebben.;Vormgeving;Principe;;Medew.;Vormgeving;De Key Amsterdam;RGU-220
Geen bevoordeling;Class;RichtinggevendeUitspraak;Proposed;Collega's, huurders, familie, vrienden of wie dan ook mogen dus niet worden bevoordeeld door de kennis die jij hebt via het bedrijf.;Vormgeving;Principe;;Medew.;Vormgeving;De Key Amsterdam;RGU-224
Leveranciersmanagement toepassen;Class;RichtinggevendeUitspraak;Proposed;Leveranciersmanagement voert De Key vooralsnog uit op alle leveranciers van De Key en minimaal op alle leveranciers van de leverancierslijst voor bouwgerelateerde en onderhoudstechnische activiteiten.;Vormgeving;Principe;;Lev.;Vormgeving;De Key Amsterdam;RGU-246
We beschermen de persoonsgegevens van onze huurders;Class;RichtinggevendeUitspraak;Proposed;Woonstichting De Key respecteert en beschermt de persoonsgegevens van haar huurders.;Vormgeving;Principe;;Klant;Vormgeving;De Key Amsterdam;RGU-252
Niet meer gegevens verwerken dan nodig;Class;RichtinggevendeUitspraak;Proposed;We verwerken niet meer gegevens dan nodig.;Vormgeving;Principe;;Proc.;Vormgeving;De Key Amsterdam;RGU-253
Vertrouwelijk omgaan met gegevens;Class;RichtinggevendeUitspraak;Proposed;Met de gegevens (van de huurders) die we verwerken gaan we vertrouwelijk om.;Vormgeving;Principe;;Proc.;Vormgeving;De Key Amsterdam;RGU-254
We doen niet aan profilering van huurders;Class;RichtinggevendeUitspraak;Proposed;We doen niet aan profilering. (met gegevens van huurders).;Vormgeving;Principe;;Proc.;Vormgeving;De Key Amsterdam;RGU-255
Voorkeur voor Gunnen op Waarde;Class;RichtinggevendeUitspraak;Proposed;Gunnen op basis van EMVI (Economisch Meest Voordelige Inschrijving, ook wel genoemd Gunnen op Waarde) geniet de voorkeur boven (alleen) gunnen op prijs.;Vormgeving;Principe;;Lev.;Vormgeving;De Key Amsterdam;RGU-245
Persoonsgegevens vallen onder geheimhoudingsplicht;Class;RichtinggevendeUitspraak;Proposed;Iedereen die toegang heeft tot de persoonsgegevens van onze huurders, is contractueel gebonden aan geheimhoudingsplicht.;Vormgeving;Principe;;Medew.;Vormgeving;De Key Amsterdam;RGU-256
Persoonsgegevens toegankelijk obv need-to-know;Class;RichtinggevendeUitspraak;Proposed;Alleen medewerkers die het echt nodig hebben voor hun werk hebben toegang tot de persoonsgegevens van onze huurders en mogen deze inzien en verwerken voor zover nodig.;Vormgeving;Principe;;Medew.;Vormgeving;De Key Amsterdam;RGU-257
Verstrekken van vertrouwelijke informatie vereist goedkeuring;Class;RichtinggevendeUitspraak;Proposed;Het zonder toestemming van de verantwoordelijke aan derden verstrekken van vertrouwelijke informatie (ook indien dit op andere wijzen dan via e-mail, internet en/of telefoon geschiedt) is niet toegestaan.;Vormgeving;Principe;;Medew.;Vormgeving;De Key Amsterdam;RGU-264
Veilig vermoedens van misstanden kunnen doen;Class;RichtinggevendeUitspraak;Proposed;De Key acht het van belang dat medewerkers op een adequate en veilige wijze melding kunnen doen van eventuele vermoedens van misstanden bij De Key.;Vormgeving;Principe;;Medew.;Vormgeving;De Key Amsterdam;RGU-265
Medewerk(st)ers melden (vermoedens van) misstanden;Class;RichtinggevendeUitspraak;Proposed;Van iedere medewerk(st)er wordt verwacht dat hij melding maakt van (een vermoeden van) een misstand.;Vormgeving;Principe;;Medew.;Vormgeving;De Key Amsterdam;RGU-266
Ten minste 2.500 tijdelijke studentenwoningen;Class;RichtinggevendeUitspraak;Proposed;Verlengen of vervangen van ten minste 2.500 tijdelijke studentenwoningen, als compensatie voor de tijdelijke studentenwoningen die binnenkort worden gesloopt.;Vormgeving;Doelstelling;;Vastg.;Vormgeving;De Key Amsterdam;
Beïnvloedbare netto bedrijfskosten op niveau 6;Class;RichtinggevendeUitspraak;Proposed;"De be&#239;nvloedbare netto bedrijfskosten van De Key bewegen zich op het niveau6 van het landelijk gemiddelde van XL7-corporaties (Aedes Benchmark) (XL = groter dan 25.000 vhe's) . = hoogstens 10% boven het gemiddelde. In de benchmark 2015 bedraagt het XL-gemiddelde € 924,- per vhe. Het gemiddelde voor alle corporaties ligt op € 925,-. De kosten van De Key bedragen € 888,- per vhe.";Vormgeving;Doelstelling;;Fin.;Vormgeving;De Key Amsterdam;
Huurdersoordeel op het landelijk gemiddelde;Class;RichtinggevendeUitspraak;Proposed;Het huurdersoordeel van de huurders van De Key beweegt zich op het landelijk niveau van het gemiddelde van XL-corporaties (Aedes Benchmark).= hoogstens 0,2 pt onder het gemiddelde, met een minimum van 7.0. In de benchmark 2015 bedraagt het XL-gemiddelde 7.2. De gemiddelde huurderswaardering voor alle corporaties ligt op gemiddeld 7,4. De huurderswaardering bij De Key is 7.0;Vormgeving;Doelstelling;;Dienst.;Vormgeving;De Key Amsterdam;
(meerjarig) Rendemente realiseren van inflatie plus 1%;Class;RichtinggevendeUitspraak;Proposed;De Key betoont zich een goed rentmeester van haar eigen vermogen door een (meerjarig) rendemente te realiseren van inflatie plus 1%.;Vormgeving;Doelstelling;;Fin.;Vormgeving;De Key Amsterdam;
De Key introduceert tijdelijke huurcontracten voor woonstarters bij de verhuur van nietstudentenwoningen.;Class;RichtinggevendeUitspraak;Proposed;De Key introduceert tijdelijke huurcontracten voor woonstarters bij de verhuur van nietstudentenwoningen. (2016);Vormgeving;Doelstelling;;Klant;Vormgeving;De Key Amsterdam;
De Key huisvest 20% meer statushouders in Amsterdam dan op grond van de reguliere verdeling onder corporaties van haar verwacht mag worden.;Class;RichtinggevendeUitspraak;Proposed;De Key huisvest 20% meer statushouders in Amsterdam dan op grond van de reguliere verdeling onder corporaties van haar verwacht mag worden (2016);Vormgeving;Doelstelling;;Klant;Vormgeving;De Key Amsterdam;
De Key verkoopt al haar vastgoed en ontwikkelposities buiten Amsterdam, Diemen en Zandvoort.;Class;RichtinggevendeUitspraak;Proposed;De Key verkoopt al haar vastgoed en ontwikkelposities buiten Amsterdam, Diemen en Zandvoort (conform begroting 2016);Vormgeving;Doelstelling;;Vastg.;Vormgeving;De Key Amsterdam;
In 2016 wordt een nieuwe portefeuillestrategie vastgesteld.;Class;RichtinggevendeUitspraak;Proposed;In 2016 wordt een nieuwe portefeuillestrategie vastgesteld;Vormgeving;Doelstelling;;Vastg.;Vormgeving;De Key Amsterdam;
De Key werkt de principes die zijn vastgelegd in de koersnota over cultuur en leiderschap verder uit en richt op basis hiervan de afdeling Vastgoed opnieuw in.;Class;RichtinggevendeUitspraak;Proposed;De Key werkt de principes die zijn vastgelegd in de koersnota over cultuur en leiderschap verder uit en richt op basis hiervan de afdeling Vastgoed opnieuw in.;Vormgeving;Doelstelling;;Medew.;Vormgeving;De Key Amsterdam;
Eind 2016 heeft De Key een voorstel bij het ministerie ingediend voor splitsing van daeb en niet-daeb en aanpassing statuten De Key die voortvloeiend uit nieuwe Woningwet.;Class;RichtinggevendeUitspraak;Proposed;Eind 2016 heeft De Key een voorstel bij het ministerie ingediend voor splitsing van daeb en niet-daeb en aanpassing statuten De Key die voortvloeiend uit nieuwe Woningwet;Vormgeving;Doelstelling;;Org.best.;Vormgeving;De Key Amsterdam;
Eind 2016 ligt de uitvoering van het integrale verbeterplan op schema.;Class;RichtinggevendeUitspraak;Proposed;Eind 2016 ligt de uitvoering van het integrale verbeterplan op schema;Vormgeving;Doelstelling;;Org.best.;Vormgeving;De Key Amsterdam;
Ter ondersteuning van het oordeel van de RvT organiseert de bestuurder periodiek intern een 360o feedback op zijn functioneren.;Class;RichtinggevendeUitspraak;Proposed;Ter ondersteuning van het oordeel van de RvT organiseert de bestuurder periodiek intern een 360o feedback op zijn functioneren.;Vormgeving;Doelstelling;;Org.best.;Vormgeving;De Key Amsterdam;
Beperkte hoeveelheid managementlagen.;Class;RichtinggevendeUitspraak;Proposed;Beperkte hoeveelheid managementlagen;Vormgeving;Doelstelling;;Org.best.;Vormgeving;De Key Amsterdam;
We huisvesten vijf keer zoveel jongeren in de woningvoorraad binnen ons werkgebied.;Class;RichtinggevendeUitspraak;Proposed;We huisvesten vijf keer zoveel jongeren in de woningvoorraad binnen ons werkgebied. Nu (31-12-2015) huisvesten we 2.000 jongeren. We streven naar minimaal 10.000 jongeren (in 2026).;Vormgeving;Doelstelling;;Klant;Vormgeving;De Key Amsterdam;
Het aantal studenten dat we huisvesten, houden we gelijk op 7.000.;Class;RichtinggevendeUitspraak;Proposed;Het aantal studenten dat we huisvesten, houden we gelijk op 7.000 (2026);Vormgeving;Doelstelling;;Klant;Vormgeving;De Key Amsterdam;
We vervangen 2.200 tijdelijke studenteneenheden die de komende periode uit exploitatie lopen door permanente eenheden (2026).;Class;RichtinggevendeUitspraak;Proposed;We vervangen 2.200 tijdelijke studenteneenheden die de komende periode uit exploitatie lopen door permanente eenheden (2026).;Vormgeving;Doelstelling;;Vastg.;Vormgeving;De Key Amsterdam;
90% (2026) van de verhuringen in ons werkgebied doen we aan jongeren onder de 33 jaar, studentenhuisvesting hierbuiten gelaten (31-12-2015 is dit 38 %).;Class;RichtinggevendeUitspraak;Proposed;90% (2026) van de verhuringen in ons werkgebied doen we aan jongeren onder de 33 jaar, studentenhuisvesting hierbuiten gelaten (31-12-2015 is dit 38 %).;Vormgeving;Doelstelling;;Klant;Vormgeving;De Key Amsterdam;
Minimaal 25% (in 2026) van de verhuringen aan jongeren doen we aan een jongere onder 23 jaar. (31-12-2015 is dit 2,5%);Class;RichtinggevendeUitspraak;Proposed;Minimaal 25% (in 2026) van de verhuringen aan jongeren doen we aan een jongere onder 23 jaar. (31-12-2015 is dit 2,5%);Vormgeving;Doelstelling;;Klant;Vormgeving;De Key Amsterdam;
We verhuren minimaal 75% van de sociale huurwoningen aan de primaire doelgroep.;Class;RichtinggevendeUitspraak;Proposed;We verhuren minimaal 75% van de sociale huurwoningen aan de primaire doelgroep.;Vormgeving;Doelstelling;;Klant;Vormgeving;De Key Amsterdam;
We verhuren ongeveer 25% van de sociale huurwoningen aan de secundaire doelgroep;Class;RichtinggevendeUitspraak;Proposed;We verhuren ongeveer 25% van de sociale huurwoningen aan de secundaire doelgroep;Vormgeving;Doelstelling;;Klant;Vormgeving;De Key Amsterdam;
We houden de technische kwaliteit van ons vastgoed in stand op minimaal conditiescore 3.;Class;RichtinggevendeUitspraak;Proposed;We houden de technische kwaliteit van ons vastgoed in stand op minimaal conditiescore 3.;Vormgeving;Doelstelling;;Vastg.;Vormgeving;De Key Amsterdam;
We slopen in principe geen permanente woningen tot en met 2026.;Class;RichtinggevendeUitspraak;Proposed;We slopen in principe geen permanente woningen tot en met 2026.;Vormgeving;Doelstelling;;Vastg.;Vormgeving;De Key Amsterdam;
In 2026 bestaat onze woningvoorraad uit minimaal 6.500 jongerenwoningen in het sociale segment die ook echt door jongeren worden bewoond (31-12-2015 350).;Class;RichtinggevendeUitspraak;Proposed;In 2026 bestaat onze woningvoorraad uit minimaal 6.500 jongerenwoningen in het sociale segment die ook echt door jongeren worden bewoond (31-12-2015 350);Vormgeving;Doelstelling;;Vastg.;Vormgeving;De Key Amsterdam;
In het goedkope segment voegen we minimaal 1.750 (2026)  jongerenwoningen toe.;Class;RichtinggevendeUitspraak;Proposed;In het goedkope segment voegen we minimaal 1.750 (2026)  jongerenwoningen toe. Dit doen we vooral door nieuwbouw. Hierbij gaat het om woningen onder de kwaliteitskortingsgrens. (31-12-2015 50);Vormgeving;Doelstelling;;Vastg.;Vormgeving;De Key Amsterdam;
In het vrijesectorsegment voegen we minimaal 800 (2026) deelwoningen toe.;Class;RichtinggevendeUitspraak;Proposed;In het vrijesectorsegment voegen we minimaal 800 (2026) deelwoningen toe. Dit zijn woningen die twee of meer woonstarters met elkaar delen. (31-12-2015 0);Vormgeving;Doelstelling;;Vastg.;Vormgeving;De Key Amsterdam;
Minimaal 80% van de studentenwoningen (In 2026 is dit 3.950), exclusief internationale studentenwoningen, heeft een goedkope huur.;Class;RichtinggevendeUitspraak;Proposed;Minimaal 80% van de studentenwoningen (In 2026 is dit 3.950), exclusief internationale studentenwoningen, heeft een goedkope huur. Dit is een huur onder de kwaliteitskortingsgrens (31-12-2015 is dit 4.350);Vormgeving;Doelstelling;;Vastg.;Vormgeving;De Key Amsterdam;
Op dit moment is de verdeling studentenhuisvesting � internationale studentenhuisvesting 80% - 20%. In 2026 streven we naar een verhouding van 70%-30% in 2026.;Class;RichtinggevendeUitspraak;Proposed;Op dit moment is de verdeling studentenhuisvesting � internationale studentenhuisvesting 80% - 20%. In 2026 streven we naar een verhouding van 70%-30% in 2026.;Vormgeving;Doelstelling;;Vastg.;Vormgeving;De Key Amsterdam;
In 2026 wordt minimaal 65% van onze potentiele voorraad jongerenwoningen bewoond door jongeren (31-12-2015 is dit 9%).;Class;RichtinggevendeUitspraak;Proposed;In 2026 wordt minimaal 65% van onze potentiele voorraad jongerenwoningen bewoond door jongeren (31-12-2015 is dit 9%).;Vormgeving;Doelstelling;;Vastg.;Vormgeving;De Key Amsterdam;
Het aantal permanent zelfstandige sociale huurwoningen (2026) blijft minimaal gelijk op 20.900 woningen.;Class;RichtinggevendeUitspraak;Proposed;Het aantal permanent zelfstandige sociale huurwoningen (2026) blijft minimaal gelijk op 20.900 woningen.;Vormgeving;Doelstelling;;Vastg.;Vormgeving;De Key Amsterdam;
Minimaal 75% van de zelfstandige en onzelfstandige woningen verhuren we onder de lage en hoge aftoppingsgrenzen.;Class;RichtinggevendeUitspraak;Proposed;Minimaal 75% van de zelfstandige en onzelfstandige woningen verhuren we onder de lage en hoge aftoppingsgrenzen. Dit is exclusief studentenhuisvesting en internationale studentenhuisvesting, daar wijzen we minimaal 95% passend toe. Inclusief studentenhuisvesting ligt dit percentage dus nog een stuk hoger. Op dit punt gaan we een stuk verder dan de  samenwerkingsafspraken. (31-12-2015 is dit 40%).;Vormgeving;Doelstelling;;Klant;Vormgeving;De Key Amsterdam;
Jongerenwoningen in het sociale segment verhuren we voor 100% (2026) via jongerencontracten of tijdelijke contracten voor een periode van vijf jaar. (31-12-2015 is dit 0%).;Class;RichtinggevendeUitspraak;Proposed;Jongerenwoningen in het sociale segment verhuren we voor 100% (2026) via jongerencontracten of tijdelijke contracten voor een periode van vijf jaar. (31-12-2015 is dit 0%).;Vormgeving;Doelstelling;;Klant;Vormgeving;De Key Amsterdam;
Minimaal 50% van de woningen heeft (in 2026) een energielabel A of B. (31-12-2015 is dit 24%).;Class;RichtinggevendeUitspraak;Proposed;Minimaal 50% van de woningen heeft (in 2026) een energielabel A of B. (31-12-2015 is dit 24%).;Vormgeving;Doelstelling;;Vastg.;Vormgeving;De Key Amsterdam;
Het percentage slechte energielabels (E,F,G) brengen we terug tot 5% van onze woningvoorraad.;Class;RichtinggevendeUitspraak;Proposed;Het percentage slechte energielabels (E,F,G) brengen we terug tot 5% van onze woningvoorraad. Enkele woningen hebben nog een slecht label in 2026. Dit zijn woningen die door technische omstandigheden moeilijker een betere energieprestatie kunnen krijgen. (31-12-2015 is dit 23%).;Vormgeving;Doelstelling;;Vastg.;Vormgeving;De Key Amsterdam;
BOG is niet onze kerntaak. Daarom laten we onze BOG-portefeuille afnemen naar max. 800 in 2026. (31-12-2015 is dit 1133).;Class;RichtinggevendeUitspraak;Proposed;BOG is niet onze kerntaak. Daarom laten we onze BOG-portefeuille afnemen naar max. 800 in 2026. (31-12-2015 is dit 1133).;Vormgeving;Doelstelling;;Vastg.;Vormgeving;De Key Amsterdam;
Parkeren is niet onze kerntaak. Daarom laten we het aantal parkeerplekken afnemen naar 3.000 in 2026 (31-12-2015 is dit 3.120).;Class;RichtinggevendeUitspraak;Proposed;Parkeren is niet onze kerntaak. Daarom laten we het aantal parkeerplekken afnemen naar 3.000 in 2026 (31-12-2015 is dit 3.120).;Vormgeving;Doelstelling;;Vastg.;Vormgeving;De Key Amsterdam;
Bij woningen met label doorexploiteren liberaliseren we 685 woningen (2026), ongeveer 62 per jaar.;Class;RichtinggevendeUitspraak;Proposed;Bij woningen met label doorexploiteren liberaliseren we 685 woningen (2026), ongeveer 62 per jaar.;Vormgeving;Doelstelling;;Vastg.;Vormgeving;De Key Amsterdam;
Bij woningen met label Verkopen verkopen we in totaal 2.900 woningen (tot 2026) door uitponden, circa 265 per jaar.;Class;RichtinggevendeUitspraak;Proposed;Bij woningen met label Verkopen verkopen we in totaal 2.900 woningen (tot 2026) door uitponden, circa 265 per jaar.;Vormgeving;Doelstelling;;Vastg.;Vormgeving;De Key Amsterdam;
Conform desinvesteringslijst: Vanuit de toegelaten instelling verkopen we circa 425 woningen complexgewijs (tot 2026).;Class;RichtinggevendeUitspraak;Proposed;Conform desinvesteringslijst: Vanuit de toegelaten instelling verkopen we circa 425 woningen complexgewijs (tot 2026).;Vormgeving;Doelstelling;;Vastg.;Vormgeving;De Key Amsterdam;
De Key realiseert tot 2026 2.670 kleine en 90 grote nieuwbouwwoningen. (harde plannen);Class;RichtinggevendeUitspraak;Proposed;De Key realiseert tot 2026 2.670 kleine en 90 grote nieuwbouwwoningen. (harde plannen);Vormgeving;Doelstelling;;Vastg.;Vormgeving;De Key Amsterdam;
De Key streeft tot 2026 naar de realisatie van 1.140 kleine nieuwbouwwoningen. (zachte plannen);Class;RichtinggevendeUitspraak;Proposed;De Key streeft tot 2026 naar de realisatie van 1.140 kleine nieuwbouwwoningen. (zachte plannen);Vormgeving;Doelstelling;;Vastg.;Vormgeving;De Key Amsterdam;
De Key koopt tot 2026 2,575 kleine nieuwbouwwoningen aan. (van ontwikkelaars);Class;RichtinggevendeUitspraak;Proposed;De Key koopt tot 2026 2,575 kleine nieuwbouwwoningen aan. (van ontwikkelaars);Vormgeving;Doelstelling;;Vastg.;Vormgeving;De Key Amsterdam;
10% van de nieuwbouw voor jongeren is voor bijzondere woonstarters als jonge statushouders en jonge mensen met een beperking.;Class;RichtinggevendeUitspraak;Proposed;10% van de nieuwbouw voor jongeren is voor bijzondere woonstarters als jonge statushouders en jonge mensen met een beperking.;Vormgeving;Doelstelling;;Vastg.;Vormgeving;De Key Amsterdam;
63% van de nieuwbouw is bestemd voor jongeren en 37% is bestemd voor studenten.;Class;RichtinggevendeUitspraak;Proposed;63% van de nieuwbouw is bestemd voor jongeren en 37% is bestemd voor studenten.;Vormgeving;Doelstelling;;Vastg.;Vormgeving;De Key Amsterdam;
Van de reguliere huurwoningen toppen we 4000 woningen af op de liberalisatiegrens.;Class;RichtinggevendeUitspraak;Proposed;Van de reguliere huurwoningen toppen we 4000 woningen af op de liberalisatiegrens. Van het socialesegment toppen we 75% af op de lage en hoge aftoppingsgrens.;Vormgeving;Doelstelling;;Vastg.;Vormgeving;De Key Amsterdam;
De studentenwoningen buiten de ring grendelen we af op � 410. Binnen de ring grendelen we studentenwoningen af op de lage aftoppingsgrens in verband met passend toewijzen.;Class;RichtinggevendeUitspraak;Proposed;De studentenwoningen buiten de ring grendelen we af op � 410. Binnen de ring grendelen we studentenwoningen af op de lage aftoppingsgrens in verband met passend toewijzen.;Vormgeving;Doelstelling;;Vastg.;Vormgeving;De Key Amsterdam;
De investeringen in de DAEB tak in de vernieuwing van onze vastgoedportefeuille voor in totaal � 678 miljoen dragen bij aan het realiseren van onze koers. (in de periode 2017-2026);Class;RichtinggevendeUitspraak;Proposed;De investeringen in de DAEB tak in de vernieuwing van onze vastgoedportefeuille voor in totaal � 678 miljoen dragen bij aan het realiseren van onze koers. (in de periode 2017-2026);Vormgeving;Doelstelling;;Fin.;Vormgeving;De Key Amsterdam;
Deze investeringen (vernieuwing vastgoedportefeuille) worden bekostigd uit diverse kasstromen.;Class;RichtinggevendeUitspraak;Proposed;"Deze investeringen (vernieuwing vastgoedportefeuille) worden bekostigd uit: de externe verkoop van woningen (� 540 miljoen); de verkoop aan de niet DAEB tak (� 142 miljoen); per saldo wordt � 4 miljoen aan de liquide middelen toegevoegd uit de bovenstaande kasstromen.";Vormgeving;Doelstelling;;Fin.;Vormgeving;De Key Amsterdam;
De externe aflossing aan banken in de DAEB tak bedraagt in totaal � 282 miljoen. (in de periode 2017 - 2026):;Class;RichtinggevendeUitspraak;Proposed;De externe aflossing aan banken in de DAEB tak bedraagt in totaal � 282 miljoen. (in de periode 2017 - 2026):;Vormgeving;Doelstelling;;Fin.;Vormgeving;De Key Amsterdam;
"De externe aflossing aan banken van in totaal � 282 miljoen wordt bekostigd uit: aflossing van de interne lening vanuit de niet DAEB tak (� 180 miljoen); de exploitatie van DAEB tak (� 102 miljoen).";Class;RichtinggevendeUitspraak;Proposed;"De externe aflossing aan banken van in totaal � 282 miljoen wordt bekostigd uit: aflossing van de interne lening vanuit de niet DAEB tak (� 180 miljoen); de exploitatie van DAEB tak (� 102 miljoen).";Vormgeving;Doelstelling;;Fin.;Vormgeving;De Key Amsterdam;
Daarnaast financieren we uit de exploitatiekasstromen DAEB de komende 10 jaar � 214 miljoen aan verbeteringen.;Class;RichtinggevendeUitspraak;Proposed;"Daarnaast financieren we uit de exploitatiekasstromen DAEB de komende 10 jaar � 214 miljoen aan verbeteringen. De verbeteringen bestaan uit: � 51 miljoen aan investeringen in funderingsherstel; � 50 miljoen aan investeringen in energetische kwaliteit en in duurzaamheid. Hieronder zijn ook opgenomen investeringen om woningen over te laten gaan op een alternatieve vorm van verwarming zonder fossiel gas en het plaatsen van zonnepanelen; � 49 miljoen aan investeringen in renovatie; � 29 miljoen aan wettelijke vereisten; � 23 miljoen afkoop erfpacht; � 8 miljoen aan woningverbetering; � 4 miljoen aan overige investeringen ( waaronder de uitbreiding van de verkoopvijver).";Vormgeving;Doelstelling;;Fin.;Vormgeving;De Key Amsterdam;
De niet Daeb tak realiseert de aankoop van geliberaliseerde woningen voor � 142 miljoen en de investeringen in niet DAEB voor � 3 miljoen. (in de periode 2017 - 2026).;Class;RichtinggevendeUitspraak;Proposed;De niet Daeb tak realiseert de aankoop van geliberaliseerde woningen voor � 142 miljoen en de investeringen in niet DAEB voor � 3 miljoen. (in de periode 2017 - 2026);Vormgeving;Doelstelling;;Fin.;Vormgeving;De Key Amsterdam;
De aankoop door de niet DAEB tak van geliberaliseerde woningen voor � 142 miljoen en de investeringen in niet DAEB voor � 3 miljoen worden betaald uit de liquide middelen.;Class;RichtinggevendeUitspraak;Proposed;"De aankoop door de niet DAEB tak van geliberaliseerde woningen voor � 142 miljoen en de investeringen in niet DAEB voor � 3
miljoen worden betaald uit: de verkoop van bedrijfs onroerend goed en woningen die niet bijdragen aan de onze koers (� 111
miljoen); uit de liquide middelen meegegeven op splitsingsmoment (� 34 miljoen).";Vormgeving;Doelstelling;;Fin.;Vormgeving;De Key Amsterdam;
De niet DAEB tak realiseert de aflossing van de interne lening van de niet DAEB tak naar de DAEB tak van � 180 miljoen. (in de periode 2017 - 2026);Class;RichtinggevendeUitspraak;Proposed;De niet DAEB tak realiseert de aflossing van de interne lening van de niet DAEB tak naar de DAEB tak van � 180 miljoen. (in de periode 2017 - 2026);Vormgeving;Doelstelling;;Fin.;Vormgeving;De Key Amsterdam;
De aflossing door de niet DAEB tak van de interne lening van de niet DAEB tak naar de DAEB tak van � 180 miljoen wordt gefinancierd.;Class;RichtinggevendeUitspraak;Proposed;"De aflossing door de niet DAEB tak van de interne lening van de niet DAEB tak naar de DAEB tak van � 180 miljoen wordt gefinancierd door: de aflossing van de interne lening vanuit de dochtervennootschap aan de niet DAEB tak (� 135 miljoen). Per saldo bedraagt de mutatie op de interne lening � 45 miljoen in de niet DAEB tak; de exploitatiekasstromen van de niet DAEB tak (� 42 miljoen); de verkoop van bedrijfs onroerend goed en woningen die niet bijdragen aan onze koers (� 6 miljoen).";Vormgeving;Doelstelling;;Fin.;Vormgeving;De Key Amsterdam;
De post verbeteringen in de niet DAEB tak van � 33 miljoen wordt betaald uit de exploitatie van de niet DAEB tak.;Class;RichtinggevendeUitspraak;Proposed;"De post verbeteringen in de niet DAEB tak van � 33 miljoen wordt betaald uit de exploitatie van de niet DAEB tak. De post
bestaat uit: � 11 miljoen aan investeringen in het eigen kantoorgebouw en automatisering; � 5 miljoen aan afkoop erfpacht; � 5 miljoen aan planmatig onderhoud investeringen; � 4 miljoen aan investeringen in funderingsherstel; � 4 miljoen aan investeringen ten behoeve van de uitbreiding van de verkoopvijver; � 2 miljoen aan wettelijke vereisten; � 1 miljoen aan overige investeringen.";Vormgeving;Doelstelling;;Fin.;Vormgeving;De Key Amsterdam;
De komende 10 jaar lost de dochtervennootschap � 135 miljoen af.;Class;RichtinggevendeUitspraak;Proposed;"De komende 10 jaar lost de dochtervennootschap � 135 miljoen af. De versnelde aflossing wordt betaald uit: de exploitatie van de dochtervennootschap (� 53 miljoen); uit de liquide middelen meegegeven op splitsingsmoment (� 26 miljoen); de verkoop van BOG en woningen (� 53 miljoen); dividend (� 3 miljoen).";Vormgeving;Doelstelling;;Fin.;Vormgeving;De Key Amsterdam;
De nieuwbouw en aankopen van de dochtervennootschap de komende 10 jaar bedragen � 37 miljoen.;Class;RichtinggevendeUitspraak;Proposed;De nieuwbouw en aankopen van de dochtervennootschap de komende 10 jaar bedragen � 37 miljoen.;Vormgeving;Doelstelling;;Fin.;Vormgeving;De Key Amsterdam;
De nieuwbouw en aankopen van de dochtervennootschap de komende 10 jaar voor � 37 miljoen worden betaald uit de post iquide middelen.;Class;RichtinggevendeUitspraak;Proposed;De nieuwbouw en aankopen van de dochtervennootschap de komende 10 jaar voor � 37 miljoen worden betaald uit de post iquide middelen.;Vormgeving;Doelstelling;;Fin.;Vormgeving;De Key Amsterdam;
De gemiddelde leefbaarheidsbijdrage is � 66 per DAEB verhuureenheid. Met dit bedrag blijven we onder de gestelde grens van � 125.;Class;RichtinggevendeUitspraak;Proposed;De gemiddelde leefbaarheidsbijdrage is � 66 per DAEB verhuureenheid. Met dit bedrag blijven we onder de gestelde grens van � 125.;Vormgeving;Doelstelling;;Fin.;Vormgeving;De Key Amsterdam;
De jaarlijkse kosten voor planmatig onderhoud proberen we zo gelijkmatig mogelijk te verdelen en bedragen de komende 10 jaar gemiddeld � 19,8 miljoen per jaar.;Class;RichtinggevendeUitspraak;Proposed;De jaarlijkse kosten voor planmatig onderhoud proberen we zo gelijkmatig mogelijk te verdelen en bedragen de komende 10 jaar gemiddeld � 19,8 miljoen per jaar.;Vormgeving;Doelstelling;;Vastg.;Vormgeving;De Key Amsterdam;
Het bedrag voor mutatieonderhoud is gelijk gehouden aan het niveau van 2016 en bedraagt in 2017 � 6,9 miljoen.;Class;RichtinggevendeUitspraak;Proposed;Het bedrag voor mutatieonderhoud is gelijk gehouden aan het niveau van 2016 en bedraagt in 2017 � 6,9 miljoen.;Vormgeving;Doelstelling;;Vastg.;Vormgeving;De Key Amsterdam;
Het bedrag aan reparatieonderhoud wordt taakstellend op gemiddeld � 8,9 miljoen per jaar vastgesteld.;Class;RichtinggevendeUitspraak;Proposed;Het bedrag aan reparatieonderhoud wordt taakstellend op gemiddeld � 8,9 miljoen per jaar vastgesteld.;Vormgeving;Doelstelling;;Vastg.;Vormgeving;De Key Amsterdam;
In 2017 bedraagt de begroting voor contract onderhoud � 4,7 miljoen.;Class;RichtinggevendeUitspraak;Proposed;In 2017 bedraagt de begroting voor contract onderhoud � 4,7 miljoen.;Vormgeving;Doelstelling;;Vastg.;Vormgeving;De Key Amsterdam;
Een ziekteverzuimpercentage onder het landelijke gemiddelde. Als referentiekader raadplegen wij het centraal bureau voor de statistiek (CBS).;Class;RichtinggevendeUitspraak;Proposed;Een ziekteverzuimpercentage onder het landelijke gemiddelde. Als referentiekader raadplegen wij het centraal bureau voor de statistiek (CBS).;Vormgeving;Doelstelling;;Medew.;Vormgeving;De Key Amsterdam;
In de meerjarenbegroting richten we ons eind 2021 naar een organisatie met 275 fte. (299,9 fte in 2016);Class;RichtinggevendeUitspraak;Proposed;In de meerjarenbegroting richten we ons eind 2021 naar een organisatie met 275 fte. (299,9 fte in 2016);Vormgeving;Doelstelling;;Medew.;Vormgeving;De Key Amsterdam;
In de markt zetten van 3 nieuwe huurproducten om meer mensen van onze doelgroep te huisvesten (2016);Class;RichtinggevendeUitspraak;Proposed;In de markt zetten van 3 nieuwe huurproducten om meer mensen van onze doelgroep te huisvesten (2016);Vormgeving;Doelstelling;;Dienst.;Vormgeving;De Key Amsterdam;
65% van de vrije sector huur verhuurd aan middensegment (< � 985) (2016);Class;RichtinggevendeUitspraak;Proposed;65% van de vrije sector huur verhuurd aan middensegment (< � 985) (2016);Vormgeving;Doelstelling;;Stakeh.;Vormgeving;De Key Amsterdam;
gemiddelde huur middensegment < � 865 (2016);Class;RichtinggevendeUitspraak;Proposed;gemiddelde huur middensegment < � 865 (2016);Vormgeving;Doelstelling;;Stakeh.;Vormgeving;De Key Amsterdam;
"Liquideren/ fuseren van 9 verbindingen waarmee wij het aantal verbindingen in onze niet- DAEB tak verder terugbrengen; (2016)";Class;RichtinggevendeUitspraak;Proposed;"Liquideren/ fuseren van 9 verbindingen waarmee wij het aantal verbindingen in onze niet- DAEB tak verder terugbrengen; (2016)";Vormgeving;Doelstelling;;Org.best.;Vormgeving;De Key Amsterdam;
We voeren pilots met wijkgericht samenwerken uit en evalueren de uitkomsten (2016);Class;RichtinggevendeUitspraak;Proposed;We voeren pilots met wijkgericht samenwerken uit en evalueren de uitkomsten (2016);Vormgeving;Doelstelling;;Dienst.;Vormgeving;De Key Amsterdam;
We wijzen minimaal 95% passend toe bij nieuwe verhuringen (2016);Class;RichtinggevendeUitspraak;Proposed;We wijzen minimaal 95% passend toe bij nieuwe verhuringen (2016);Vormgeving;Doelstelling;;Klant;Vormgeving;De Key Amsterdam;
Wij realiseren � 5,0 miljoen aan energielabel -investeringen waarmee w ij de energielasten van onze huurders verlagen en bijdragen aan duurzaamheid van ons bezit. (2016);Class;RichtinggevendeUitspraak;Proposed;Wij realiseren � 5,0 miljoen aan energielabel -investeringen waarmee w ij de energielasten van onze huurders verlagen en bijdragen aan duurzaamheid van ons bezit. (2016);Vormgeving;Doelstelling;;Vastg.;Vormgeving;De Key Amsterdam;
Terugbrengen reistijd van reparatieverzoeken door efficiency te behalen met wijkgericht werken en de integratie van backoffice functies. (2016);Class;RichtinggevendeUitspraak;Proposed;Terugbrengen reistijd van reparatieverzoeken door efficiency te behalen met wijkgericht werken en de integratie van backoffice functies. (2016);Vormgeving;Doelstelling;;Dienst.;Vormgeving;De Key Amsterdam;
De Key stuurt op aansluitende verhuur op sociaal, vrije sector en studentenwoningen om leegstand en leegstandskosten terug te dringen. (2016: 34%);Class;RichtinggevendeUitspraak;Proposed;De Key stuurt op aansluitende verhuur op sociaal, vrije sector en studentenwoningen om leegstand en leegstandskosten terug te dringen. (2016: 34%);Vormgeving;Doelstelling;;Fin.;Vormgeving;De Key Amsterdam;
Het proces afrekenen servicekosten vraagt een goede analyse en verbeteracties.;Class;RichtinggevendeUitspraak;Proposed;Het proces afrekenen servicekosten vraagt een goede analyse en verbeteracties. Daarom pakken we dit in het derde kwartaal op met als resultaat een effectief en effici�nt proces met een transparante afrekening voor de huurder. (2016);Vormgeving;Doelstelling;;Proc.;Vormgeving;De Key Amsterdam;
60% van de kosten voor mutatieschade doorberekenen aan vorige huurder (2016);Class;RichtinggevendeUitspraak;Proposed;60% van de kosten voor mutatieschade doorberekenen aan vorige huurder (2016);Vormgeving;Doelstelling;;Klant;Vormgeving;De Key Amsterdam;
Wij stellen de procesbeschrijving en het beleid aankopen vast (2016);Class;RichtinggevendeUitspraak;Proposed;Wij stellen de procesbeschrijving en het beleid aankopen vast (2016);Vormgeving;Doelstelling;;Proc.;Vormgeving;De Key Amsterdam;
Wij investeren � 5 miljoen aan turn-key aankopen t.b.v. woningruimte voor woonstarters (2016);Class;RichtinggevendeUitspraak;Proposed;Wij investeren � 5 miljoen aan turn-key aankopen t.b.v. woningruimte voor woonstarters (2016);Vormgeving;Doelstelling;;Vastg.;Vormgeving;De Key Amsterdam;
Wij ontw ikkelen dashboards, met kasstromen, rendement, parameters en kengetallen (2016);Class;RichtinggevendeUitspraak;Proposed;Wij ontw ikkelen dashboards, met kasstromen, rendement, parameters en kengetallen (2016);Vormgeving;Doelstelling;;Proc.;Vormgeving;De Key Amsterdam;
Wij integreren de afdelingen Ontw ikkeling, PO en Mutatie tot een nieuw bedrijfsonderdeel . (2016);Class;RichtinggevendeUitspraak;Proposed;Wij integreren de afdelingen Ontw ikkeling, PO en Mutatie tot een nieuw bedrijfsonderdeel . (2016);Vormgeving;Doelstelling;;Org.best.;Vormgeving;De Key Amsterdam;
Verbeteren functionaliteiten van de website waardoor gebruik van online dienstverlening wordt gestimuleerd. (2016);Class;RichtinggevendeUitspraak;Proposed;Verbeteren functionaliteiten van de website waardoor gebruik van online dienstverlening wordt gestimuleerd. (2016);Vormgeving;Doelstelling;;Dienst.;Vormgeving;De Key Amsterdam;
Onderzoeken huisvesting in 1 kantoor waarbij de locatie zal bijdragen aan anders werken. (2016);Class;RichtinggevendeUitspraak;Proposed;Onderzoeken huisvesting in 1 kantoor waarbij de locatie zal bijdragen aan anders werken. (2016);Vormgeving;Doelstelling;;Org.best.;Vormgeving;De Key Amsterdam;
Cre�ren van risicobewustzijn bij proceseigenaren onder meer door training en follow-up bij MT-vergaderingen. (2016);Class;RichtinggevendeUitspraak;Proposed;Cre�ren van risicobewustzijn bij proceseigenaren onder meer door training en follow-up bij MT-vergaderingen. (2016);Vormgeving;Doelstelling;;Proc.;Vormgeving;De Key Amsterdam;
Vanaf het vierde kwartaal gaan de volgende normen gelden.;Class;RichtinggevendeUitspraak;Proposed;"Vanaf het vierde kwartaal gaan de volgende normen gelden:
Reductie aantal herhaalklachten: maximaal 10% herhaalklachten
Reductie aantal geschillen: maximaal 5 geschillen per jaar
Reageren binnen de reactietermijn: 95% binnen 5 werkdagen
De managers bepalen in het derde kwartaal welke acties worden ingezet en hoe zij sturen op het behalen van deze normen.";Vormgeving;Doelstelling;;Proc.;Vormgeving;De Key Amsterdam;
Werkzaamheden van kantoor naar de wijk � systemen en informatie beschikbaar buiten kantoor (2017);Class;RichtinggevendeUitspraak;Proposed;Werkzaamheden van kantoor naar de wijk � systemen en informatie beschikbaar buiten kantoor (2017);Vormgeving;Doelstelling;;Infovz.;Vormgeving;De Key Amsterdam;
Eind 2018 moeten alle processen opnieuw ingericht, geactualiseerd binnen de 4 kaders en beschreven zijn, met duidelijke werkinstructies daar waar nodig.;Class;RichtinggevendeUitspraak;Proposed;Eind 2018 moeten alle processen opnieuw ingericht, geactualiseerd binnen de 4 kaders en beschreven zijn, met duidelijke werkinstructies daar waar nodig. In 2019 begint de actualisering van de in 2016 vastgestelde processen.;Vormgeving;Doelstelling;;Proc.;Vormgeving;De Key Amsterdam;
Wat willen wij bereiken de komende drie jaar?;Class;RichtinggevendeUitspraak;Proposed;"Wat willen wij bereiken de komende drie jaar? 
� Een herkenbaar procesmodel voor De Key; 
� Volledigheid van kernprocessen en procedures; 
� Uniformiteit van procesbeschrijvingen; 
� Een toegankelijke en gebruiksvriendelijke publicatie aan de gebruikers via Mavim en wikibiliotheek; 
� Een werkend systeem van beheren, analyseren en continu verbeteren.";Vormgeving;Doelstelling;;Proc.;Vormgeving;De Key Amsterdam;
Alle kernprocessen worden ieder jaar ge�valueerd en in ieder geval eenmaal per drie jaar opnieuw vastgesteld.;Class;RichtinggevendeUitspraak;Proposed;Alle kernprocessen worden ieder jaar ge�valueerd en in ieder geval eenmaal per drie jaar opnieuw vastgesteld.;Vormgeving;Doelstelling;;Proc.;Vormgeving;De Key Amsterdam;
Alle klachten worden binnen vijf werkdagen beantwoord.;Class;RichtinggevendeUitspraak;Proposed;Alle klachten worden binnen vijf werkdagen beantwoord.;Vormgeving;Doelstelling;;Proc.;Vormgeving;De Key Amsterdam;
Minimaal ��n keer per jaar brengt De Key de risico�s in kaart die het behalen van de strategische ondernemingsdoelstellingen in de weg kunnen staan: de strategische risico�s.;Class;RichtinggevendeUitspraak;Proposed;Minimaal ��n keer per jaar brengt De Key de risico�s in kaart die het behalen van de strategische ondernemingsdoelstellingen in de weg kunnen staan: de strategische risico�s.;Vormgeving;Doelstelling;;Org.best.;Vormgeving;De Key Amsterdam;
Het bestuur en de RvC bespreken tenminste twee keer per jaar de belangrijkste financi�le risico�s aan de hand van een door het bestuur opgestelde kwartaalrapportage.;Class;RichtinggevendeUitspraak;Proposed;Het bestuur en de RvC bespreken tenminste twee keer per jaar de belangrijkste financi�le risico�s aan de hand van een door het bestuur opgestelde kwartaalrapportage.;Vormgeving;Doelstelling;;Fin.;Vormgeving;De Key Amsterdam;
De Key koopt in tegen de juiste prijs/kwaliteit verhouding, met gevoel voor risico beheersing en op een wijze waarbij het gehele inkoopproces  aantoonbaar transparant wordt uitgevoerd;Class;RichtinggevendeUitspraak;Proposed;De Key koopt in tegen de juiste prijs/kwaliteit verhouding, met gevoel voor risico beheersing en op een wijze waarbij het gehele inkoopproces  aantoonbaar transparant wordt uitgevoerd;Vormgeving;Beleidsuitspraak;;Lev.;Vormgeving;De Key Amsterdam;
Jaarlijks evalueren we het Inkoopbeleid vanwege ontwikkelingen zoals de te herijken visie, bezetting, bestedingsplan en dienstverlening aan onze huurders.;Class;RichtinggevendeUitspraak;Proposed;Jaarlijks evalueren we het Inkoopbeleid vanwege ontwikkelingen zoals de te herijken visie, bezetting, bestedingsplan en dienstverlening aan onze huurders.;Vormgeving;Doelstelling;;Proc.;Vormgeving;De Key Amsterdam;
Het zakenpartnertoetsbeleid wordt jaarlijks beoordeeld of eerder wanneer dit vanwege gewijzigde wet en regelgeving, strategische of maatschappelijke ontwikkelingen noodzakelijk wordt geacht.;Class;RichtinggevendeUitspraak;Proposed;Het zakenpartnertoetsbeleid wordt jaarlijks beoordeeld of eerder wanneer dit vanwege gewijzigde wet en regelgeving, strategische of maatschappelijke ontwikkelingen noodzakelijk wordt geacht.;Vormgeving;Doelstelling;;Stakeh.;Vormgeving;De Key Amsterdam;
;Boundary;;Proposed;;;;;;;;
;Text;;Proposed;Opdracht: GEA implementatie De Key;;;;;;;
RR-1 Gelijke behandeling voorkomtbevoordeling;Class;Relevante Relatie;Proposed;;;;;;Vormgeving;;
RR-3: Informatiedrempel laag houden ondersteunt voor meer digitaal werken;Class;Relevante Relatie;Proposed;;;;;;Vormgeving;;
RR-2 Informatiedrempel laag maken ondersteunt 24/7 beschikbaarheid;Class;Relevante Relatie;Proposed;;;;;;Vormgeving;;
RR-4 Eenvoudige klachtenprocedure toont onze oprechte interesse in de mening van onze huurder;Class;Relevante Relatie;Proposed;;;;;;Vormgeving;;
